0.0.1.0.1;TCF25;ENSG00000141002;Q9BQ70
0.0.2.0.1;PHF5A;ENSG00000100410;Q7RTV0
0.0.3.0.1;RFXANK;ENSG00000064490;O14593
0.0.4.0.1;RFXAP;ENSG00000133111;O00287
0.0.5.0.1;PURA;ENSG00000185129;Q00577
0.0.5.0.2;PURB;ENSG00000146676;Q96QR8
0.0.5.0.3;PURG;ENSG00000172733;Q9UJV8
0.0.6.0.1;NRF1;ENSG00000106459;Q16656
0.0.7.0.1;SPEN;;
0.1.1.0.1;CSRNP1;ENSG00000144655;Q96S65
0.1.1.0.2;CSRNP2;ENSG00000110925;Q9H175
0.1.1.0.3;CSRNP3;ENSG00000178662;Q8WYN3
0.2.1.0.1;NonO;ENSG00000147140;Q15233
0.2.1.0.3;PSPC1;ENSG00000121390;Q8WXF1
0.2.1.0.2;SFPQ;ENSG00000116560;P23246
0.3.1.0.1;LRRFIP1;ENSG00000124831;Q32MZ4
0.3.1.0.2;LRRFIP2;ENSG00000093167;Q9Y608
0.4.1.0.1;NFX1;ENSG00000086102;Q12986
0.4.1.0.2;NFXL1;ENSG00000170448;Q6ZNB6
0.4.1.0.3;ZNFX1;ENSG00000124201;Q9P2E3
1.1.1.1.1;c-Jun;ENSG00000177606;P05412
1.1.1.1.2;JunB;ENSG00000171223;P17275
1.1.1.1.3;JunD;ENSG00000130522;P17535
1.1.1.2.5;BACH1;ENSG00000156273;O14867
1.1.1.2.6;BACH2;ENSG00000112182;Q9BYV9
1.1.1.2.2;NFE2L1;ENSG00000082641;Q14494
1.1.1.2.3;NFE2L2;ENSG00000116044;Q16236
1.1.1.2.4;NFE2L3;ENSG00000050344;Q9Y4A8
1.1.1.2.1;NFE2;ENSG00000123405;Q16621
1.1.1.3.1;ATF2;ENSG00000115966;P15336
1.1.1.3.2;ATF7;ENSG00000170653;P17544
1.1.1.3.3;CREB5;ENSG00000146592;Q02930
1.1.2.1.1;c-Fos;ENSG00000170345;P01100
1.1.2.1.2;FosB;ENSG00000125740;P53539
1.1.2.1.3;Fra1;ENSG00000175592;P15407
1.1.2.1.4;Fra2;ENSG00000075426;P15408
1.1.2.2.1;ATF3;ENSG00000162772;P18847
1.1.2.2.2;JDP2;ENSG00000140044;Q8WYK2
1.1.3.1.1;c-MAF;ENSG00000178573;O75444
1.1.3.1.2;MAFA;ENSG00000182759;Q8NHW3
1.1.3.1.3;MAFB;ENSG00000204103;Q9Y5Q3
1.1.3.1.4;NRL;ENSG00000129535;P54845
1.1.3.2.1;MAFF;ENSG00000185022;Q9ULX9
1.1.3.2.2;MAFG;ENSG00000197063;O15525
1.1.3.2.3;MAFK;ENSG00000198517;O60675
1.1.4.0.2;BATF2;ENSG00000168062;Q8N1L9
1.1.4.0.3;BATF3;ENSG00000123685;Q9NR55
1.1.4.0.1;BATF;ENSG00000156127;Q16520
1.1.5.0.1;XBP1;ENSG00000100219;P17861
1.1.6.0.1;ATF4;ENSG00000128272;P18848
1.1.6.0.2;ATF5;ENSG00000169136;Q9Y2D1
1.1.7.1.2;ATF1;ENSG00000123268;P18846
1.1.7.1.1;CREB1;ENSG00000118260;P16220
1.1.7.1.3;CREM;ENSG00000095794;Q03060
1.1.7.2.2;CREB3L1;ENSG00000157613;Q96BA8
1.1.7.2.3;CREB3L2;ENSG00000182158;Q70SY1
1.1.7.2.4;CREB3L3;ENSG00000060566;Q68CJ9
1.1.7.2.5;CREB3L4;ENSG00000143578;Q8TEY5
1.1.7.2.1;CREB3;ENSG00000107175;O43889
1.1.7.3.2;ATF6B;ENSG00000213676;Q99941
1.1.7.3.1;ATF6;ENSG00000118217;P18850
1.1.7.4.1;CREBZF;ENSG00000137504;Q9NS37
1.1.7.5.1;CREBL2;ENSG00000111269;O60519
1.1.8.1.1;CEBPA;ENSG00000245848;P49715
1.1.8.1.2;CEBPB;ENSG00000172216;P17676
1.1.8.1.4;CEBPD;ENSG00000221869;P49716
1.1.8.1.5;CEBPE;ENSG00000092067;Q15744
1.1.8.1.3;CEBPG;ENSG00000153879;P53567
1.1.8.1.6;DDIT3;ENSG00000175197;P35638
1.1.8.2.1;DBP;ENSG00000105516;Q10586
1.1.8.2.2;HLF;ENSG00000108924;Q16534
1.1.8.2.3;NFIL3;ENSG00000167074;Q10587
1.1.8.2.4;TEF;ENSG00000165030;Q16649
1.1.8.3.1;CREBRF;ENSG00000164463;Q8IUR6
1.2.1.0.1;E2A;ENSG00000071564;P15923
1.2.1.0.3;HTF4;ENSG00000140262;Q99081
1.2.1.0.2;SEF2;ENSG00000196628;P15884
1.2.2.1.3;MYF5;ENSG00000111049;P13349
1.2.2.1.4;MYF6;ENSG00000111046;P23409
1.2.2.1.1;MyoD;ENSG00000129152;P15172
1.2.2.1.2;MYOG;ENSG00000122180;P15173
1.2.2.2.1;ASCL1;ENSG00000139352;P50553
1.2.2.2.2;ASCL2;ENSG00000183734;Q99929
1.2.2.2.3;ASCL3;ENSG00000176009;Q9NQ33
1.2.2.2.4;ASCL4;ENSG00000187855;Q6XD76
1.2.2.2.5;ASCL5;ENSG00000232237;Q7RTU5
1.2.3.1.4;HEN1-UP;ENSG00000171786;Q02575
1.2.3.1.5;HEN2;ENSG00000177551;Q02577
1.2.3.1.3;LYL1;ENSG00000104903;P12980
1.2.3.1.1;TAL1;ENSG00000162367;P17542
1.2.3.1.2;TAL2;ENSG00000186051;Q16559
1.2.3.2.5;bHLH-EC2;ENSG00000125878;Q12870
1.2.3.2.8;FIGalpha;ENSG00000183733;Q6QHK4
1.2.3.2.3;HAND1;ENSG00000113196;O96004
1.2.3.2.4;HAND2;ENSG00000164107;P61296
1.2.3.2.7;PTF1a;ENSG00000168267;Q7RTS3
1.2.3.2.6;SCX;ENSG00000188686;Q7RTU7
1.2.3.2.1;TWIST1;ENSG00000122691;Q15672
1.2.3.2.2;TWIST2;ENSG00000233608;Q8WVJ9
1.2.3.3.1;MESP1;ENSG00000166823;Q9BRJ9
1.2.3.3.2;MESP2;ENSG00000188095;Q0VG99
1.2.3.3.4;MSC;ENSG00000178860;O60682
1.2.3.3.6;MSGN1;ENSG00000151379;A6NI15
1.2.3.3.5;TCF21;ENSG00000118526;O43680
1.2.3.3.3;TCF23;ENSG00000163792;Q7RTU1
1.2.3.4.8;ATOH1;ENSG00000172238;Q92858
1.2.3.4.9;ATOH7;ENSG00000179774;Q8N100
1.2.3.4.10;ATOH8;ENSG00000168874;Q96SQ7
1.2.3.4.16;BHLHA15;ENSG00000180535;Q7RTS1
1.2.3.4.11;BHLHE22;ENSG00000180828;Q8NFJ8
1.2.3.4.12;BHLHE23;ENSG00000125533;Q8NDY6
1.2.3.4.17;FERD3L;ENSG00000146618;Q96RJ6
1.2.3.4.1;NEUROD1;ENSG00000162992;Q13562
1.2.3.4.2;NEUROD2;ENSG00000171532;Q15784
1.2.3.4.3;NEUROD4;ENSG00000123307;Q9HD90
1.2.3.4.4;NEUROD6;ENSG00000164600;Q96NK8
1.2.3.4.5;NGN1;ENSG00000181965;Q92886
1.2.3.4.6;NGN2;ENSG00000178403;Q9H2A3
1.2.3.4.7;NGN3;ENSG00000122859;Q9Y4Z2
1.2.3.4.13;OLIG1;ENSG00000184221;Q8TAK6
1.2.3.4.14;OLIG2;ENSG00000205927;Q13516
1.2.3.4.15;OLIG3;ENSG00000177468;Q7RTU3
1.2.3.5.1;BHLHA9;ENSG00000205899;Q7RTU4
1.2.4.1.12;DEC1;ENSG00000173077;O14503
1.2.4.1.13;DEC2;ENSG00000123095;Q9C0J9
1.2.4.1.11;HELT;ENSG00000187821;A6NFD8
1.2.4.1.1;HES1;ENSG00000114315;Q14469
1.2.4.1.2;HES2;ENSG00000069812;Q9Y543
1.2.4.1.3;HES3;ENSG00000173673;Q5TGS1
1.2.4.1.4;HES4;ENSG00000188290;Q9HCC6
1.2.4.1.5;HES5;ENSG00000197921;Q5TA89
1.2.4.1.6;HES6;ENSG00000144485;Q96HZ4
1.2.4.1.7;HES7;ENSG00000179111;Q9BYE0
1.2.4.1.8;HEY1;ENSG00000164683;Q9Y5J3
1.2.4.1.9;HEY2;ENSG00000135547;Q9UBP5
1.2.4.1.10;HEYL;ENSG00000163909;Q9NQ87
1.2.5.1.1;AhR;ENSG00000106546;P35869
1.2.5.1.2;AhRR;ENSG00000063438;A9YTQ3
1.2.5.1.7;EPAS1;ENSG00000116016;Q99814
1.2.5.1.5;HIF1alpha;ENSG00000100644;Q16665
1.2.5.1.6;HIF3alpha;ENSG00000124440;Q9Y2N7
1.2.5.1.8;NPAS1;ENSG00000130751;Q99742
1.2.5.1.9;NPAS3;ENSG00000151322;Q8IXF0
1.2.5.1.3;SIM1;ENSG00000112246;P81133
1.2.5.1.4;SIM2;ENSG00000159263;Q14190
1.2.5.2.2;ARNT2;ENSG00000172379;Q9HBZ2
1.2.5.2.4;ARNTL2;ENSG00000029153;Q8WYA1
1.2.5.2.3;ARNTL;ENSG00000133794;O00327
1.2.5.2.1;ARNT;ENSG00000143437;P27540
1.2.5.2.5;CLOCK;ENSG00000134852;O15516
1.2.5.2.6;NPAS2;ENSG00000170485;Q99743
1.2.5.3.1;NCOA1;ENSG00000084676;Q15788
1.2.5.3.2;NCOA2;ENSG00000140396;Q15596
1.2.5.3.3;NCOA3;ENSG00000124151;Q9Y6Q9
1.2.5.4.1;NPAS4;ENSG00000174576;Q8IUM7
1.2.5.5.1;SOHLH1;ENSG00000165643;Q5JUK2
1.2.5.5.2;SOHLH2;ENSG00000120669;Q9NX45
1.2.5.5.3;TCFL5;ENSG00000101190;Q9UL49
1.2.6.1.4;MITF;ENSG00000187098;O75030
1.2.6.1.1;TFE3;ENSG00000068323;P19532
1.2.6.1.2;TFEB;ENSG00000112561;P19484
1.2.6.1.3;TFEC;ENSG00000105967;O14948
1.2.6.2.1;USF1;ENSG00000158773;P22415
1.2.6.2.2;USF2;ENSG00000105698;Q15853
1.2.6.3.1;SREBF1;ENSG00000072310;P36956
1.2.6.3.2;SREBF2;ENSG00000198911;Q12772
1.2.6.4.1;AP4;ENSG00000090447;Q01664
1.2.6.5.1;cMYC;ENSG00000136997;P01106
1.2.6.5.3;LMYC;ENSG00000116990;P12524
1.2.6.5.5;MAX;ENSG00000125952;P61244
1.2.6.5.4;MYCLP1;EOG090A05KY;P12525
1.2.6.5.2;NMYC;ENSG00000134323;P04198
1.2.6.6.1;MLX;ENSG00000108788;Q9UH92
1.2.6.6.2;MONDOA;ENSG00000175727;Q9HAP2
1.2.6.6.3;MONDOB;ENSG00000009950;Q9NP71
1.2.6.7.4;MAD5;ENSG00000174197;Q8IWI9
1.2.6.7.6;MNT;ENSG00000070444;Q99583
1.2.6.7.1;MXD1;ENSG00000059728;Q05195
1.2.6.7.2;MXD3;ENSG00000213347;Q9BW11
1.2.6.7.3;MXD4;ENSG00000123933;Q14582
1.2.6.7.5;MXI1;ENSG00000119950;P50539
1.2.8.0.1;ID1;ENSG00000125968;P41134
1.2.8.0.2;ID2;ENSG00000115738;Q02363
1.2.8.0.3;ID3;ENSG00000117318;Q02535
1.2.8.0.4;ID4;ENSG00000172201;P47928
1.3.1.0.1;AP2alpha;ENSG00000137203;P05549
1.3.1.0.2;AP2beta;ENSG00000008196;Q92481
1.3.1.0.4;AP2delta;ENSG00000008197;Q7Z6R9
1.3.1.0.5;AP2epsilon;ENSG00000116819;Q6VUC0
1.3.1.0.3;AP2gamma;ENSG00000087510;Q92754
2.1.1.1.4;AR;ENSG00000169083;P10275
2.1.1.1.1;GR;ENSG00000113580;P04150
2.1.1.1.2;MR;ENSG00000151623;P08235
2.1.1.1.3;PR;ENSG00000082175;P06401
2.1.1.2.1;ERalpha;ENSG00000091831;P03372
2.1.1.2.2;ERbeta;ENSG00000140009;Q92731
2.1.1.2.3;ERRalpha;ENSG00000173153;P11474
2.1.1.2.4;ERRbeta;ENSG00000119715;O95718
2.1.1.2.5;ERRgamma;ENSG00000196482;P62508
2.1.2.1.1;RARA;ENSG00000131759;P10276
2.1.2.1.2;RARB;ENSG00000077092;P10826
2.1.2.1.3;RARG;ENSG00000172819;P13631
2.1.2.2.1;T3Ralpha;ENSG00000126351;P10827
2.1.2.2.2;T3Rbeta;ENSG00000151090;P10828
2.1.2.3.1;REVERBAalpha;ENSG00000126368;P20393
2.1.2.3.2;REVERBAbeta;ENSG00000174738;Q14995
2.1.2.4.3;CAR;ENSG00000143257;Q14994
2.1.2.4.2;PXR;ENSG00000144852;O75469
2.1.2.4.1;VDR;ENSG00000111424;P11473
2.1.2.5.1;PPARalpha;ENSG00000186951;Q07869
2.1.2.5.2;PPARbeta;ENSG00000112033;Q03181
2.1.2.5.3;PPARgamma;ENSG00000132170;P37231
2.1.2.6.1;RORalpha;ENSG00000069667;P35398
2.1.2.6.2;RORbeta;ENSG00000198963;Q92753
2.1.2.6.3;RORgamma;ENSG00000143365;P51449
2.1.2.7.3;FXR;ENSG00000012504;Q96RI1
2.1.2.7.1;LXRalpha;ENSG00000025434;Q13133
2.1.2.7.2;LXRbeta;ENSG00000131408;P55055
2.1.3.1.1;RXRalpha;ENSG00000186350;P19793
2.1.3.1.2;RXRbeta;ENSG00000204231;P28702
2.1.3.1.3;RXRgamma;ENSG00000143171;P48443
2.1.3.2.1;HNF4alpha;ENSG00000101076;P41235
2.1.3.2.2;HNF4gamma;ENSG00000164749;Q14541
2.1.3.3.2;PNR;ENSG00000278570;Q9Y5X4
2.1.3.3.1;TLX;ENSG00000112333;Q9Y466
2.1.3.4.1;TR2;ENSG00000120798;P13056
2.1.3.4.2;TR4;ENSG00000177463;P49116
2.1.3.5.1;COUPTF1;ENSG00000175745;P10589
2.1.3.5.2;COUPTF2;ENSG00000185551;P24468
2.1.3.5.3;NR2F6;ENSG00000160113;P10588
2.1.4.0.1;NGFIB;ENSG00000123358;P22736
2.1.4.0.3;NOR1;ENSG00000119508;Q92570
2.1.4.0.2;NURR1;ENSG00000153234;P43354
2.1.5.0.1;NR5A1;ENSG00000136931;Q13285
2.1.5.0.2;NR5A2;ENSG00000116833;O00482
2.1.6.0.1;NR6A1;ENSG00000148200;Q15406
2.1.7.0.1;NR0B1;ENSG00000169297;P51843
2.1.7.0.2;NR0B2;ENSG00000131910;Q15466
2.2.1.1.1;GATA1;ENSG00000102145;P15976
2.2.1.1.2;GATA2;ENSG00000179348;P23769
2.2.1.1.3;GATA3;ENSG00000107485;P23771
2.2.1.1.4;GATA4;ENSG00000136574;P43694
2.2.1.1.5;GATA5;ENSG00000130700;Q9BWX5
2.2.1.1.6;GATA6;ENSG00000141448;Q92908
2.2.1.2.12;ATRX;ENSG00000085224;P46100
2.2.1.2.9;DNMT3A;ENSG00000119772;Q9Y6K1
2.2.1.2.10;DNMT3B;ENSG00000088305;Q9UBC3
2.2.1.2.11;DNMT3L;ENSG00000142182;Q9UJW3
2.2.1.2.1;GATAD1;ENSG00000157259;Q8WUU5
2.2.1.2.2;GATAD2A;ENSG00000167491;Q86YP4
2.2.1.2.3;GATAD2B;ENSG00000143614;Q8WXI9
2.2.1.2.5;MTA1;;
2.2.1.2.6;MTA2;;
2.2.1.2.7;MTA3;;
2.2.1.2.4;RERE;;
2.2.1.2.13;TRPS1;;
2.2.1.2.8;ZGLP1;ENSG00000220201;P0C6A0
2.3.1.1.1;Sp1;ENSG00000185591;P08047
2.3.1.1.2;Sp2;ENSG00000167182;Q02086
2.3.1.1.3;Sp3;ENSG00000172845;Q02447
2.3.1.1.4;Sp4;ENSG00000105866;Q02446
2.3.1.1.5;Sp5;ENSG00000204335;Q6BEB4
2.3.1.1.6;Sp6;ENSG00000189120;Q3SY56
2.3.1.1.7;Sp7;ENSG00000170374;Q8TDD2
2.3.1.1.8;Sp8;ENSG00000164651;Q8IXZ3
2.3.1.1.9;Sp9;ENSG00000217236;P0CG40
2.3.1.2.10;KLF10;ENSG00000155090;Q13118
2.3.1.2.11;KLF11;ENSG00000172059;O14901
2.3.1.2.12;KLF12;ENSG00000118922;Q9Y4X4
2.3.1.2.13;KLF13;ENSG00000169926;Q9Y2Y9
2.3.1.2.14;KLF14;ENSG00000174595;Q8TD94
2.3.1.2.15;KLF15;ENSG00000163884;Q9UIH9
2.3.1.2.16;KLF16;ENSG00000129911;Q9BXK1
2.3.1.2.17;KLF17;ENSG00000171872;Q5JT82
2.3.1.2.1;KLF1;ENSG00000105610;Q13351
2.3.1.2.2;KLF2;ENSG00000127528;Q9Y5W3
2.3.1.2.3;KLF3;ENSG00000109787;P57682
2.3.1.2.4;KLF4;ENSG00000136826;O43474
2.3.1.2.5;KLF5;ENSG00000102554;Q13887
2.3.1.2.6;KLF6;ENSG00000067082;Q99612
2.3.1.2.7;KLF7;ENSG00000118263;O75840
2.3.1.2.8;KLF8;ENSG00000102349;O95600
2.3.1.2.9;KLF9;ENSG00000119138;Q13886
2.3.1.3.1;EGR1;ENSG00000120738;P18146
2.3.1.3.2;EGR2;ENSG00000122877;P11161
2.3.1.3.3;EGR3;ENSG00000179388;Q06889
2.3.1.3.4;EGR4;ENSG00000135625;Q05215
2.3.2.1.6;ZBTB22;ENSG00000236104;O15209
2.3.2.1.7;ZBTB32;ENSG00000011590;Q9Y2Y4
2.3.2.1.12;ZBTB33;ENSG00000177485;Q86T24
2.3.2.1.8;ZBTB34;ENSG00000177125;Q8NCN2
2.3.2.1.9;ZBTB37;ENSG00000185278;Q5TC79
2.3.2.1.10;ZBTB43;ENSG00000169155;O43298
2.3.2.1.11;ZBTB46;ENSG00000130584;Q86UZ6
2.3.2.1.1;ZBTB5;ENSG00000168795;O15062
2.3.2.1.2;ZBTB8B;ENSG00000215897;Q8NAP8
2.3.2.2.1;ZNF487;ENSG00000243660;B1APH4
2.3.2.2.2;ZNF542P;EOG090A034Z;Q5EBM4
2.3.2.2.3;ZNF705A;ENSG00000196946;Q6ZN79
2.3.2.3.2;ZNF174;ENSG00000103343;Q15697
2.3.2.3.3;ZNF396;ENSG00000186496;Q96N95
2.3.2.3.4;ZNF446;ENSG00000083838;Q9NWS9
2.3.2.3.1;ZSCAN1;ENSG00000152467;Q8NBB4
2.3.2.4.9;AEBP2;ENSG00000139154;Q6ZN18
2.3.2.4.7;OSR1;ENSG00000143867;Q8TAX0
2.3.3.0.9;OSR2;ENSG00000164920;Q8N2R0
2.3.2.4.8;OVOL3;ENSG00000105261;O00110
2.3.2.4.6;ZFPM2;;
2.3.2.4.1;ZNF414;ENSG00000133250;Q96IQ9
2.3.2.4.2;ZNF511;ENSG00000198546;Q8NB15
2.3.2.4.3;ZNF580;ENSG00000213015;Q9UK33
2.3.2.4.4;ZNF702P;EOG090A03RF;Q9H963
2.3.2.4.5;ZNF740;ENSG00000139651;Q8NDX6
2.3.3.0.75;GTF3A;ENSG00000122034;Q92664
2.3.3.0.92;GZF1;ENSG00000125812;Q9H116
2.3.3.0.54;MYNN;ENSG00000085274;Q9NPC7
2.3.3.0.152;MZF1;ENSG00000099326;P28698
2.3.3.0.9;OSR2;ENSG00000164920;Q8N2R0
2.3.3.0.35;PRDM14;ENSG00000147596;Q9GZV8
2.3.3.0.195;PRDM5;ENSG00000138738;Q9NQX1
2.3.3.0.23;PRDM6;ENSG00000061455;Q9NQX0
2.3.3.0.21;WT1;ENSG00000184937;P19544
2.3.3.0.124;ZBTB11;ENSG00000066422;O95625
2.3.3.0.74;ZBTB16;ENSG00000109906;Q05516
2.3.3.0.55;ZBTB24;ENSG00000112365;O43167
2.3.3.0.123;ZBTB40;ENSG00000184677;Q9NUA8
2.3.3.0.28;ZBTB44;ENSG00000196323;Q8NCP5
2.3.3.0.102;ZBTB48;ENSG00000204859;P10074
2.3.3.0.38;ZBTB49;ENSG00000168826;Q6ZSB9
2.3.3.0.1;ZFP161;ENSG00000198081;O43829
2.3.3.0.72;ZFP1;ENSG00000184517;Q6P2D0
2.3.3.0.192;ZFP28;ENSG00000196867;Q8NHY6
2.3.3.0.162;ZFP3;ENSG00000180787;Q96NJ6
2.3.3.0.17;ZFP41;ENSG00000181638;Q8N8Y5
2.3.3.0.231;ZFP62;ENSG00000196670;Q8NB50
2.3.3.0.76;ZFP64;ENSG00000020256;Q9NPA5
2.3.3.0.149;ZFP90;ENSG00000184939;Q8TF47
2.3.3.0.57;ZFP92;ENSG00000189420;A6NM28
2.3.3.0.27;ZIM2;ENSG00000198300;Q9NZV7
2.3.3.0.104;ZIM3;ENSG00000141946;Q96PE6
2.3.3.0.118;ZNF10;ENSG00000256223;P21506
2.3.3.0.11;ZNF114;ENSG00000178150;Q8NC26
2.3.3.0.164;ZNF117;ENSG00000152926;Q03924
2.3.3.0.34;ZNF131;ENSG00000172262;P52739
2.3.3.0.202;ZNF135;ENSG00000176293;P52742
2.3.3.0.22;ZNF137P;ENSG00000189420;P52743
2.3.3.0.126;ZNF154;ENSG00000179909;Q13106
2.3.3.0.32;ZNF165;ENSG00000197279;P49910
2.3.3.0.159;ZNF167;ENSG00000196345;Q9P0L1
2.3.3.0.204;ZNF16;ENSG00000170631;P17020
2.3.3.0.220;ZNF184;ENSG00000096654;Q99676
2.3.3.0.69;ZNF187;ENSG00000197062;Q16670
2.3.3.0.197;ZNF189;ENSG00000136870;O75820
2.3.3.0.20;ZNF18;ENSG00000154957;P17022
2.3.3.0.81;ZNF192;ENSG00000198315;Q15776
2.3.3.0.228;ZNF197;ENSG00000186448;O14709
2.3.3.0.119;ZNF19;ENSG00000157429;P17023
2.3.3.0.7;ZNF200;ENSG00000010539;P98182
2.3.3.0.60;ZNF202;ENSG00000166261;O95125
2.3.3.0.58;ZNF205;ENSG00000122386;O95201
2.3.3.0.18;ZNF215;ENSG00000149054;Q9UL58
2.3.3.0.13;ZNF22;ENSG00000165512;P17026
2.3.3.0.83;ZNF239;ENSG00000196793;Q16600
2.3.3.0.210;ZNF23;ENSG00000167377;P17027
2.3.3.0.160;ZNF250;ENSG00000196150;P15622
2.3.3.0.107;ZNF253;ENSG00000256771;O75346
2.3.3.0.182;ZNF254;ENSG00000213096;O75437
2.3.3.0.139;ZNF257;ENSG00000197134;Q9Y2Q1
2.3.3.0.79;ZNF263;ENSG00000006194;O14978
2.3.3.0.165;ZNF266;ENSG00000174652;Q14584
2.3.3.0.186;ZNF267;ENSG00000185947;Q14586
2.3.3.0.155;ZNF273;ENSG00000198039;Q14593
2.3.3.0.6;ZNF274;ENSG00000171606;Q96GC6
2.3.3.0.103;ZNF275;ENSG00000063587;Q9NSD4
2.3.3.0.174;ZNF287;ENSG00000141040;Q9HBT7
2.3.3.0.166;ZNF311;ENSG00000197935;Q5JNZ3
2.3.3.0.150;ZNF317;ENSG00000130803;Q96PQ6
2.3.3.0.136;ZNF320;ENSG00000182986;A2RRD8
2.3.3.0.148;ZNF329;ENSG00000181894;Q86UD4
2.3.3.0.142;ZNF331;ENSG00000130844;Q9NQX6
2.3.3.0.225;ZNF337;ENSG00000130684;Q9Y3M9
2.3.3.0.130;ZNF34;ENSG00000196378;Q8IZ26
2.3.3.0.114;ZNF354C;ENSG00000177932;Q86Y25
2.3.3.0.108;ZNF355P;;Q9NSJ1
2.3.3.0.77;ZNF358;ENSG00000198816;Q9NW07
2.3.3.0.100;ZNF35;ENSG00000169981;P13682
2.3.3.0.82;ZNF391;ENSG00000124613;Q9UJN7
2.3.3.0.40;ZNF394;ENSG00000160908;Q53GI3
2.3.3.0.93;ZNF408;ENSG00000175213;Q9H9D4
2.3.3.0.133;ZNF415;ENSG00000170954;Q09FC8
2.3.3.0.127;ZNF416;ENSG00000083817;Q9BWM5
2.3.3.0.218;ZNF425;ENSG00000204947;Q6IV72
2.3.4.0.64;ZNF426;ENSG00000130818;Q9BUY5
2.3.3.0.214;ZNF429;ENSG00000197013;Q86V71
2.3.3.0.224;ZNF433;ENSG00000197647;Q8N7K0
2.3.3.0.221;ZNF441;ENSG00000197044;Q8N8Z8
2.3.3.0.24;ZNF444;ENSG00000167685;Q8N0Y2
2.3.3.0.41;ZNF449;ENSG00000173275;Q6P9G9
2.3.3.0.125;ZNF454;ENSG00000178187;Q8N9F8
2.3.3.0.143;ZNF461;ENSG00000197808;Q8TAF7
2.3.3.0.208;ZNF470;ENSG00000197016;Q6ECI4
2.3.3.0.134;ZNF480;ENSG00000198464;Q8WV37
2.3.3.0.101;ZNF483;ENSG00000173258;Q8TF39
2.3.3.0.113;ZNF485;ENSG00000198298;Q8NCK3
2.3.4.0.62;ZNF491;ENSG00000177599;Q8N8L2
2.3.3.0.229;ZNF493;ENSG00000196268;Q6ZR52
2.3.3.0.3;ZNF496;ENSG00000162714;Q96IT1
2.3.3.0.168;ZNF497;ENSG00000174586;Q6ZNH5
2.3.3.0.42;ZNF498;ENSG00000197037;Q6NSZ9
2.3.3.0.87;ZNF501;ENSG00000186446;Q96CX3
2.3.3.0.175;ZNF502;ENSG00000196653;Q8TBZ5
2.3.3.0.46;ZNF514;ENSG00000144026;Q96K75
2.3.3.0.96;ZNF517;ENSG00000197363;Q6ZMY9
2.3.3.0.144;ZNF527;ENSG00000189164;Q8NB42
2.3.3.0.189;ZNF528;ENSG00000167555;Q3MIS6
2.3.3.0.145;ZNF529;ENSG00000186020;Q6P280
2.3.3.0.153;ZNF530;ENSG00000183647;Q6P9A1
2.3.3.0.207;ZNF534;ENSG00000198633;Q76KX8
2.3.3.0.97;ZNF547;ENSG00000152433;Q8IVP9
2.3.3.0.180;ZNF549;ENSG00000121406;Q6P9A3
2.3.3.0.71;ZNF550;ENSG00000251369;Q7Z398
2.3.3.0.167;ZNF551;ENSG00000204519;Q7Z340
2.3.3.0.63;ZNF554;ENSG00000172006;Q86TJ5
2.3.3.0.80;ZNF556;ENSG00000172000;Q9HAH1
2.3.3.0.177;ZNF560;ENSG00000198028;Q96MR9
2.3.3.0.215;ZNF569;ENSG00000196437;Q5MCW4
2.3.3.0.37;ZNF575;ENSG00000176472;Q86XF7
2.3.3.0.30;ZNF576;ENSG00000124444;Q9H609
2.3.3.0.135;ZNF578;ENSG00000258405;Q96N58
2.3.3.0.67;ZNF584;ENSG00000171574;Q8IVC4
2.3.3.0.115;ZNF586;ENSG00000083828;Q9NXT0
2.3.3.0.12;ZNF589;ENSG00000164048;Q86UQ0
2.3.3.0.232;ZNF594;ENSG00000180626;Q96JF6
2.3.3.0.106;ZNF596;ENSG00000172748;Q8TC21
2.3.3.0.89;ZNF610;ENSG00000167554;Q8N9Z0
2.3.3.0.161;ZNF623;ENSG00000183309;O75123
2.3.3.0.227;ZNF624;ENSG00000197566;Q9P2J8
2.3.3.0.137;ZNF626;ENSG00000188171;Q68DY1
2.3.3.0.25;ZNF641;ENSG00000167528;Q96N77
2.3.3.0.94;ZNF648;ENSG00000179930;Q5T619
2.3.3.0.31;ZNF655;ENSG00000197343;Q8N720
2.3.3.0.91;ZNF660;ENSG00000144792;Q6AZW8
2.3.3.0.62;ZNF662;ENSG00000182983;Q6ZS27
2.3.3.0.84;ZNF664;ENSG00000179195;Q8N3J9
2.3.3.0.179;ZNF667;ENSG00000198046;Q5HYK9
2.3.3.0.65;ZNF66;ENSG00000160229;Q6ZN08
2.3.3.0.183;ZNF676;ENSG00000196109;Q8N7Q3
2.3.3.0.99;ZNF677;ENSG00000197928;Q86XU0
2.3.3.0.185;ZNF678;ENSG00000181450;Q5SXM1
2.3.3.0.140;ZNF680;ENSG00000173041;Q8NEM1
2.3.3.0.200;ZNF681;ENSG00000196172;Q96N22
2.3.3.0.68;ZNF684;ENSG00000117010;Q5T5D7
2.3.3.0.39;ZNF691;ENSG00000164011;Q5VV52
2.3.3.0.156;ZNF695;ENSG00000197472;Q8IW36
2.3.3.0.78;ZNF696;ENSG00000185730;Q9H7X3
2.3.3.0.203;ZNF699;ENSG00000196110;Q32M78
2.3.3.0.212;ZNF700;ENSG00000196922;Q9H0M5
2.3.3.0.51;ZNF707;ENSG00000181135;Q96C28
2.3.3.0.181;ZNF708;ENSG00000182141;P17019
2.3.3.0.121;ZNF70;ENSG00000187792;Q9UC06
2.3.3.0.14;ZNF713;ENSG00000178665;Q8N859
2.3.3.0.141;ZNF716;ENSG00000182111;A6NP11
2.3.3.0.111;ZNF718;ENSG00000250312;Q3SXZ3
2.3.3.0.201;ZNF724;ENSG00000196081;A8MTY0
2.3.3.0.238;ZNF728;;
2.3.3.0.194;ZNF732;ENSG00000186777;B4DXR9
2.3.3.0.154;ZNF737;ENSG00000237440;O75373
2.3.3.0.73;ZNF73;;O43830
2.3.3.0.26;ZNF746;ENSG00000181220;Q6NUN9
2.3.3.0.217;ZNF749;ENSG00000186230;O43361
2.3.3.0.132;ZNF74;ENSG00000185252;Q16587
2.3.3.0.239;ZNF764;;
2.3.3.0.98;ZNF766;ENSG00000196214;Q5HY98
2.3.3.0.95;ZNF768;ENSG00000169957;Q9H5H4
2.3.3.0.10;ZNF781;ENSG00000196381;Q8N8C0
2.3.3.0.61;ZNF789;ENSG00000198556;Q5FWF6
2.3.3.0.158;ZNF790;ENSG00000197863;Q6PG37
2.3.3.0.209;ZNF791;ENSG00000173875;Q3KP31
2.3.3.0.16;ZNF793;ENSG00000188227;Q6ZN11
2.3.3.0.122;ZNF79;ENSG00000196152;Q15937
2.3.3.0.190;ZNF7;ENSG00000147789;P17097
2.3.3.0.45;ZNF80;ENSG00000174255;P51504
2.3.3.0.176;ZNF835;ENSG00000127903;Q9Y2P0
2.3.3.0.59;ZNF837;ENSG00000152475;Q96EG3
2.3.3.0.188;ZNF83;ENSG00000167766;P51522
2.3.3.0.213;ZNF840;EOG090A05J1;A6NDX5
2.3.3.0.216;ZNF84;ENSG00000198040;P51523
2.3.3.0.237;ZNF852;;
2.3.3.0.198;ZNF85;ENSG00000105750;Q03923
2.3.3.0.157;ZNF879;ENSG00000234284;B4DU55
2.3.3.0.173;ZNF880;ENSG00000221923;Q6PDB4
2.3.3.0.163;ZNF883;ENSG00000228623;P0CG24
2.3.3.0.184;ZNF90;ENSG00000213988;Q03938
2.3.3.0.199;ZNF92;ENSG00000146757;Q03936
2.3.3.0.206;ZNF93;ENSG00000184635;P35789
2.3.3.0.169;ZSCAN10;ENSG00000130182;Q96SZ4
2.3.3.0.120;ZSCAN12;ENSG00000158691;O43309
2.3.3.0.15;ZSCAN16;ENSG00000196812;Q9H4T2
2.3.3.0.47;ZSCAN21;ENSG00000166529;Q9Y5A6
2.3.3.0.70;ZSCAN22;ENSG00000182318;P10073
2.3.3.0.43;ZSCAN30;ENSG00000186814;Q86W11
2.3.3.10.4;GLI4;ENSG00000250571;P10075
2.3.3.10.6;ZKSCAN1;ENSG00000106261;P17029
2.3.3.10.2;ZNF193;ENSG00000137185;O15535
2.3.3.10.5;ZNF232;ENSG00000167840;Q9UNY5
2.3.3.10.1;ZNF24;ENSG00000172466;P17028
2.3.3.10.7;ZNF323;ENSG00000235109;Q96LW9
2.3.3.10.3;ZSCAN23;ENSG00000187987;Q3MJ62
2.3.3.11.3;ZBTB12;ENSG00000204366;Q9Y330
2.3.3.11.2;ZBTB26;ENSG00000171448;Q9HCK0
2.3.3.11.1;ZBTB6;ENSG00000186130;Q15916
2.3.3.12.1;PRDM1;ENSG00000057657;O75626
2.3.3.12.2;ZNF683;ENSG00000176083;Q8IZ20
2.3.3.13.1;ZNF148;ENSG00000163848;Q9UQR1
2.3.3.13.2;ZNF281;ENSG00000162702;Q9Y2X9
2.3.3.14.1;ZBTB20;ENSG00000181722;Q9HC78
2.3.3.14.2;ZBTB45;ENSG00000119574;Q96K62
2.3.3.15.1;ZNF524;ENSG00000171443;Q96C55
2.3.3.15.2;ZNF581;ENSG00000171425;Q9P0T4
2.3.3.16.2;ZBTB42;ENSG00000179627;B2RXF5
2.3.3.16.1;ZNF238;ENSG00000179456;Q99592
2.3.3.17.1;OVOL1;ENSG00000172818;O14753
2.3.3.17.2;OVOL2;ENSG00000125850;Q9BRP0
2.3.3.18.3;ZNF138;ENSG00000197008;P52744
2.3.3.0.110;ZNF141;ENSG00000131127;Q15928
2.3.3.0.64;ZNF506;ENSG00000081665;Q5JVG8
2.3.3.18.1;ZNF56;EOG090A02RX;Q15929
2.3.3.77.1;ZNF595;ENSG00000197701;Q8IYB9
2.3.3.32.1;ZNF679;ENSG00000197123;Q8IYX0
2.3.3.0.109;ZNF682;ENSG00000197124;O95780
2.3.3.18.2;ZNF876P;;Q49A33
2.3.3.19.3;ZKSCAN2;ENSG00000155592;Q63HK3
2.3.3.19.5;ZNF434;ENSG00000140987;Q9NX65
2.3.3.19.1;ZNF500;ENSG00000103199;O60304
2.3.3.19.2;ZNF853;ENSG00000236609;P0CG23
2.3.3.19.4;ZSCAN29;ENSG00000140265;Q8IWY8
2.3.3.1.1;GLI1;ENSG00000111087;P08151
2.3.3.1.2;GLI2;ENSG00000074047;P10070
2.3.3.1.3;GLI3;ENSG00000106571;P10071
2.3.3.1.4;GLIS1;ENSG00000174332;Q8NBF1
2.3.3.1.5;GLIS2;ENSG00000126603;Q9BZE0
2.3.3.1.6;GLIS3;ENSG00000107249;Q8NEA6
2.3.3.1.7;ZIC1;ENSG00000152977;Q15915
2.3.3.1.8;ZIC2;ENSG00000043355;O95409
2.3.3.1.9;ZIC3;ENSG00000156925;O60481
2.3.3.1.10;ZIC4;ENSG00000174963;Q8N9L1
2.3.3.1.11;ZIC5;ENSG00000139800;Q96T25
2.3.3.20.1;FEZF1;ENSG00000128610;A0PJY2
2.3.3.20.2;FEZF2;ENSG00000153266;Q8TBJ5
2.3.3.21.2;GFI1B;ENSG00000165702;Q5VTD9
2.3.3.21.1;GFI1;ENSG00000162676;Q99684
2.3.3.22.1;BCL6B;ENSG00000161940;Q8N143
2.3.3.22.2;BCL6;ENSG00000113916;P41182
2.3.3.23.1;ZNF212;ENSG00000170260;Q9UDV6
2.3.3.23.2;ZNF777;ENSG00000196453;Q9ULD5
2.3.3.24.1;MTF1;ENSG00000188786;Q14872
2.3.3.24.2;ZNF410;ENSG00000119725;Q86VK4
2.3.3.25.2;PLAG1;ENSG00000181690;Q6DJT9
2.3.3.25.3;PLAGL1;ENSG00000118495;Q9UM63
2.3.3.25.1;PLAGL2;ENSG00000126003;Q9UPG8
2.3.3.26.1;ZKSCAN3;ENSG00000189298;Q9BRR0
2.3.3.26.2;ZKSCAN4;ENSG00000187626;Q969J2
2.3.3.27.4;ZNF468;ENSG00000204604;Q5VIY5
2.3.3.27.1;ZNF525;ENSG00000203326;Q8N782
2.3.3.27.2;ZNF701;ENSG00000167562;Q9NV72
2.3.3.27.3;ZNF765;ENSG00000196417;Q7L2R6
2.3.3.28.2;ZNF143;ENSG00000166478;P52747
2.3.3.28.1;ZNF76;ENSG00000065029;P36508
2.3.3.29.2;ZBTB47;ENSG00000114853;Q9UFB7
2.3.3.29.1;ZNF652;ENSG00000198740;Q9Y2D9
2.3.3.2.4;SCRT1;ENSG00000170616;Q9BWW7
2.3.3.2.5;SCRT2;ENSG00000215397;Q9NQ03
2.3.3.2.1;SNAI1;ENSG00000124216;O95863
2.3.3.2.2;SNAI2;ENSG00000019549;O43623
2.3.3.2.3;SNAI3;ENSG00000185669;Q3KNW1
2.3.3.30.1;ZNF350;ENSG00000256683;Q9GZX5
2.3.3.30.2;ZNF577;ENSG00000161551;Q9BSK1
2.3.3.30.4;ZNF613;ENSG00000176024;Q6PF04
2.3.3.30.5;ZNF614;ENSG00000142556;Q8N883
2.3.3.30.3;ZNF649;ENSG00000198093;Q9BS31
2.3.3.31.3;ZNF570;ENSG00000171827;Q96NI8
2.3.3.31.4;ZNF583;ENSG00000198440;Q96ND8
2.3.3.31.1;ZNF642;ENSG00000187815;Q49AA0
2.3.3.31.2;ZNF643;ENSG00000187801;Q9UJL9
2.3.3.32.2;ZNF735;ENSG00000223614;P0CB33
2.3.3.0.112;ZNF121;ENSG00000197961;P58317
2.3.3.33.6;ZNF124;ENSG00000196418;Q15973
2.3.3.33.15;ZNF136;ENSG00000196646;P52737
2.3.3.33.17;ZNF20;ENSG00000132010;P17024
2.3.3.33.8;ZNF439;ENSG00000171291;Q8NDP4
2.3.3.33.9;ZNF440;ENSG00000171295;Q8IYI8
2.3.3.33.11;ZNF490;ENSG00000188033;Q9ULM2
2.3.3.33.19;ZNF555;ENSG00000186300;Q8NEP9
2.3.3.33.12;ZNF563;ENSG00000188868;Q8TA94
2.3.3.33.16;ZNF564;ENSG00000249709;Q8TBZ8
2.3.3.33.13;ZNF57;ENSG00000171970;Q68EA5
2.3.3.33.3;ZNF625;ENSG00000213297;Q96I27
2.3.3.33.7;ZNF627;ENSG00000198551;Q7L945
2.3.3.33.4;ZNF669;ENSG00000188295;Q96BR6
2.3.3.33.5;ZNF670;ENSG00000135747;Q9BS34
2.3.3.33.14;ZNF69;ENSG00000198429;Q9UC07
2.3.3.33.1;ZNF763;ENSG00000197054;Q0D2J5
2.3.3.33.10;ZNF77;ENSG00000175691;Q15935
2.3.3.33.2;ZNF844;ENSG00000223547;Q08AG5
2.3.3.33.18;ZNF878;ENSG00000257446;C9JN71
2.3.3.34.2;ZNF397;ENSG00000186812;Q8NF99
2.3.3.34.1;ZNF3;ENSG00000166526;P17036
2.3.3.35.5;ZNF383;ENSG00000188283;Q8NA42
2.3.3.0.191;ZNF471;ENSG00000196263;Q9BX82
2.3.3.0.146;ZNF565;ENSG00000196357;Q8N9K5
2.3.3.35.3;ZNF566;ENSG00000186017;Q969W8
2.3.3.35.7;ZNF582;ENSG00000018869;Q96NG8
2.3.3.35.4;ZNF619;ENSG00000177873;Q8N2I2
2.3.3.35.1;ZNF620;ENSG00000177842;Q6ZNG0
2.3.3.35.2;ZNF621;ENSG00000172888;Q6ZSS3
2.3.3.35.6;ZNF829;ENSG00000185869;Q3KNS6
2.3.3.36.1;ZNF324A;ENSG00000083812;O75467
2.3.3.36.2;ZNF324B;ENSG00000249471;Q6AW86
2.3.3.37.1;ZNF362;ENSG00000160094;Q5T0B9
2.3.3.37.2;ZNF384;ENSG00000126746;Q8TF68
2.3.3.38.1;ZNF282;ENSG00000170265;Q9UDV7
2.3.3.38.2;ZNF398;ENSG00000197024;Q8TD17
2.3.3.39.1;ZNF764;ENSG00000169951;Q96H86
2.3.3.39.3;ZNF771;ENSG00000179965;Q7L3S4
2.3.3.39.2;ZNF785;ENSG00000197162;A8K8V0
2.3.3.3.1;ZFP91;ENSG00000186660;Q96JP5
2.3.3.3.3;ZNF276;ENSG00000158805;Q8N554
2.3.3.3.4;ZNF653;ENSG00000161914;Q96CK0
2.3.3.3.2;ZNF692;ENSG00000171163;Q9BU19
2.3.3.40.1;ZNF177;ENSG00000188629;Q13360
2.3.3.40.3;ZNF333;ENSG00000160961;Q96JL9
2.3.3.40.2;ZNF891;ENSG00000214029;A8MT65
2.3.3.41.2;ZIK1;ENSG00000171649;Q3SY52
2.3.3.41.1;ZNF32;ENSG00000169740;P17041
2.3.3.42.2;ZNF419B;ENSG00000105136;Q96HQ0
2.3.3.42.1;ZNF773;ENSG00000152439;Q6PK81
2.3.3.43.2;ZNF557;ENSG00000130544;Q8N988
2.3.3.43.1;ZNF558;ENSG00000167785;Q96NG5
2.3.3.44.4;ZNF140;ENSG00000196387;P52738
2.3.3.44.3;ZNF181;ENSG00000197841;Q2M3W8
2.3.3.44.2;ZNF2;ENSG00000163067;Q9BSG1
2.3.3.44.1;ZNF302;ENSG00000089335;Q9NR11
2.3.3.45.4;ZNF559;ENSG00000188321;Q9BR84
2.3.3.45.3;ZNF561;ENSG00000171469;Q8N587
2.3.3.45.1;ZNF562;ENSG00000171466;Q6V9R5
2.3.3.45.2;ZNF812;ENSG00000224689;P0C7V5
2.3.3.45.5;ZNF846;ENSG00000196605;Q147U1
2.3.3.46.1;ZXDA;ENSG00000198205;P98168
2.3.3.46.2;ZXDB;ENSG00000198455;P98169
2.3.3.46.3;ZXDC;ENSG00000070476;Q2QGD7
2.3.3.47.4;ZNF155;ENSG00000204920;Q12901
2.3.3.47.5;ZNF221;ENSG00000159905;Q9UK13
2.3.3.47.1;ZNF222;ENSG00000159885;Q9UK12
2.3.3.47.2;ZNF223;ENSG00000178386;Q9UK11
2.3.3.47.6;ZNF224;ENSG00000267680;Q9NZL3
2.3.3.47.7;ZNF225;ENSG00000256294;Q9UK10
2.3.3.47.13;ZNF226;ENSG00000167380;Q9NYT6
2.3.3.47.12;ZNF227;ENSG00000131115;Q86WZ6
2.3.3.47.11;ZNF229;ENSG00000167383;Q9UJW7
2.3.3.47.3;ZNF230;ENSG00000159882;Q9UIE0
2.3.3.47.14;ZNF234;ENSG00000263002;Q14588
2.3.3.47.9;ZNF235;ENSG00000159917;Q14590
2.3.3.47.8;ZNF284;ENSG00000186026;Q2VY69
2.3.3.47.10;ZNF45;ENSG00000124459;Q02386
2.3.3.48.2;ZNF727;ENSG00000257482;A8MUV8
2.3.3.48.1;ZNF736;ENSG00000234444;B4DX44
2.3.3.49.1;ZNF286A;ENSG00000187607;Q9HBT8
2.3.3.49.2;ZNF286B;ENSG00000249459;P0CG31
2.3.3.4.5;POGZ;ENSG00000143442;Q7Z3K3
2.3.3.4.1;ZNF280A;ENSG00000169548;P59817
2.3.3.4.2;ZNF280B;ENSG00000198477;Q86YH2
2.3.3.4.3;ZNF280C;ENSG00000056277;Q8ND82
2.3.3.4.4;ZNF280D;ENSG00000137871;Q6N043
2.3.3.50.2;CTCFL;ENSG00000124092;Q8NI51
2.3.3.50.1;CTCF;ENSG00000102974;P49711
2.3.3.51.1;ZNF366;ENSG00000178175;Q8N895
2.3.3.51.2;ZNF710;ENSG00000140548;Q8N1W2
2.3.3.52.1;ZNF322A;ENSG00000181315;Q6U7Q0
2.3.3.0.205;ZNF17;ENSG00000186272;P17021
2.3.3.53.1;ZNF548;ENSG00000188785;Q8NEK5
2.3.3.53.2;ZNF776;ENSG00000152443;Q68DI1
2.3.3.54.2;ZNF264;ENSG00000083844;O43296
2.3.3.54.1;ZNF460;ENSG00000197714;Q14592
2.3.3.54.4;ZNF543;ENSG00000178229;Q08ER8
2.3.3.54.5;ZNF599;ENSG00000153896;Q96NL3
2.3.3.54.3;ZNF805;ENSG00000204524;Q5CZA5
2.3.3.55.1;ZNF146;ENSG00000167635;Q15072
2.3.3.55.2;ZNF260;ENSG00000254004;Q3ZCT1
2.3.3.56.1;ZNF214;ENSG00000149050;Q9UL59
2.3.3.56.3;ZNF233;ENSG00000159915;A6NK53
2.3.3.56.2;ZNF285;ENSG00000062370;Q96NJ3
2.3.3.57.1;ZNF479;ENSG00000185177;Q96JC4
2.3.3.58.1;ZNF180;ENSG00000167384;Q9UJW8
2.3.3.58.3;ZNF436;ENSG00000125945;Q9C0F3
2.3.3.58.2;ZNF544;ENSG00000198131;Q6NX49
2.3.3.58.4;ZNF572;ENSG00000180938;Q7Z3I7
2.3.3.58.5;ZNF774;ENSG00000196391;Q6NX45
2.3.3.58.6;ZSCAN2;ENSG00000176371;Q7Z7L9
2.3.3.59.1;ZNF100;ENSG00000197020;Q8IYN0
2.3.3.59.2;ZNF430;ENSG00000118620;Q9H8G1
2.3.3.59.3;ZNF431;ENSG00000196705;Q8TF32
2.3.3.59.6;ZNF675;ENSG00000197372;Q8TD23
2.3.3.59.5;ZNF714;ENSG00000160352;Q96N38
2.3.3.59.4;ZNF730;ENSG00000183850;Q6ZMV8
2.3.3.5.5;ZSCAN4;ENSG00000180532;Q8NAM6
2.3.3.5.1;ZSCAN5A;ENSG00000131848;Q9BUG6
2.3.3.5.2;ZSCAN5B;ENSG00000197213;A6NJL1
2.3.3.5.3;ZSCAN5C;ENSG00000204532;A6NGD5
2.3.3.5.4;ZSCAN5D;ENSG00000267908;P0CG00
2.3.3.60.2;ZNF492;ENSG00000229676;Q9P255
2.3.3.60.1;ZNF98;ENSG00000197360;A6NK75
2.3.3.61.2;HKR1;;
2.3.3.61.4;ZNF133;;
2.3.3.61.3;ZNF169;;
2.3.3.61.1;ZNF343;;
2.3.3.62.1;ZFP2;;
2.3.3.62.3;ZNF568;;
2.3.3.62.2;ZNF71;;
2.3.3.63.3;ZFP14;;
2.3.3.63.1;ZFP30;;
2.3.3.63.2;ZFP82;;
2.3.3.64.1;ZNF354A;;
2.3.3.64.2;ZNF354B;;
2.3.3.65.1;ZFX;ENSG00000005889;P17010
2.3.3.65.2;ZFY;ENSG00000067646;P08048
2.3.3.66.2;ZNF672;ENSG00000171161;Q499Z4
2.3.3.66.1;ZNF689;ENSG00000156853;Q96CS4
2.3.3.0.233;ZNF107;ENSG00000196247;Q9UII5
2.3.3.0.234;ZNF208;ENSG00000160321;O43345
2.3.3.67.1;ZNF283;ENSG00000167637;Q8N7M2
2.3.3.67.6;ZNF30;ENSG00000168661;P17039
2.3.3.67.2;ZNF345;ENSG00000251247;Q14585
2.3.3.67.3;ZNF404;ENSG00000176222;Q494X3
2.3.3.67.7;ZNF420;ENSG00000197050;Q8TAQ5
2.3.3.0.230;ZNF43;ENSG00000198521;P17038
2.3.3.67.4;ZNF540;ENSG00000171817;Q8NDQ6
2.3.3.67.10;ZNF546;ENSG00000187187;Q86UE3
2.3.3.67.5;ZNF571;ENSG00000180479;Q7Z3V5
2.3.3.67.8;ZNF573;ENSG00000189144;Q86YE8
2.3.3.67.9;ZNF607;ENSG00000198182;Q96SK3
2.3.3.77.2;ZNF721;ENSG00000182903;Q8TF20
2.3.3.0.226;ZNF726;ENSG00000213967;A6NNF4
2.3.3.80.2;ZNF729;ENSG00000196350;A6NN14
2.3.3.67.11;ZNF780A;ENSG00000197782;O75290
2.3.3.67.12;ZNF780B;ENSG00000128000;Q9Y6R6
2.3.3.0.236;ZNF850;;
2.3.3.0.235;ZNF91;ENSG00000167232;Q05481
2.3.3.80.1;ZNF99;ENSG00000213973;A8MXY4
2.3.3.68.2;ZNF175;ENSG00000105497;Q9Y473
2.3.3.68.3;ZNF41;ENSG00000147124;P51814
2.3.3.68.4;ZNF484;ENSG00000127081;Q5JVG2
2.3.3.68.6;ZNF585A;ENSG00000196967;Q6P3V2
2.3.3.68.5;ZNF585B;ENSG00000196967;Q52M93
2.3.3.68.1;ZNF81;ENSG00000197779;P51508
2.3.3.69.3;ZFP37;ENSG00000136866;Q9Y6Q3
2.3.3.69.2;ZNF157;ENSG00000147117;P51786
2.3.3.69.1;ZNF25;ENSG00000175395;P17030
2.3.3.69.6;ZNF33A;ENSG00000189180;Q06730
2.3.3.69.7;ZNF33B;ENSG00000196693;Q06732
2.3.3.69.4;ZNF567;ENSG00000189042;Q8N184
2.3.3.69.5;ZNF782;ENSG00000196597;Q6ZMW2
2.3.3.6.4;ZNF213;ENSG00000085644;O14771
2.3.3.6.1;ZNF75A;ENSG00000162086;Q96N20
2.3.3.6.2;ZNF75C;EOG090A02XQ;Q92670
2.3.3.6.3;ZNF75D;ENSG00000186376;P51815
2.3.3.0.193;ZNF182;ENSG00000147118;P17025
2.3.3.70.2;ZNF268;ENSG00000090612;Q14587
2.3.3.70.1;ZNF26;ENSG00000198393;P17031
2.3.3.71.1;ZNF300;ENSG00000145908;Q96RE9
2.3.3.71.2;ZNF605;ENSG00000196458;Q86T29
2.3.3.72.4;ZNF600;ENSG00000189190;Q6ZNG1
2.3.3.72.3;ZNF611;ENSG00000213020;Q8N823
2.3.3.72.6;ZNF761;ENSG00000160336;Q86XN6
2.3.3.72.5;ZNF808;ENSG00000198482;Q8N4W9
2.3.3.72.1;ZNF813;ENSG00000198346;Q6ZN06
2.3.3.72.7;ZNF845;ENSG00000213799;Q96IR2
2.3.3.72.2;ZNF860;ENSG00000197385;A6NHJ4
2.3.3.73.2;ZNF28;ENSG00000198538;P17035
2.3.3.73.1;ZNF816;ENSG00000180257;Q0VGE8
2.3.3.74.1;ZNF442;ENSG00000198342;Q9H7R0
2.3.3.74.5;ZNF443;ENSG00000180855;Q9Y2A4
2.3.3.74.3;ZNF44;ENSG00000197857;P15621
2.3.3.74.4;ZNF799;ENSG00000196466;Q96GE5
2.3.3.74.2;ZNF823;ENSG00000197933;P16415
2.3.3.75.1;ZNF432;ENSG00000256087;O94892
2.3.3.75.2;ZNF615;ENSG00000197619;Q8N8J6
2.3.3.76.2;ZNF160;ENSG00000170949;Q9HCG1
2.3.3.76.3;ZNF347;ENSG00000197937;Q96SE7
2.3.3.79.3;ZNF616;ENSG00000204611;Q08AN1
2.3.3.76.1;ZNF665;ENSG00000197497;Q9H7R5
2.3.3.79.2;ZNF836;ENSG00000196267;Q6ZNA1
2.3.3.79.1;ZNF841;ENSG00000197608;Q6ZN19
2.3.3.78.1;ZNF14;ENSG00000105708;P17017
2.3.3.78.2;ZNF709;ENSG00000242852;Q8N972
2.3.3.7.1;ZNF705D;ENSG00000215343;P0CH99
2.3.3.7.4;ZNF705E;ENSG00000214534;A8MWA4
2.3.3.7.2;ZNF705F;EOG090A03UG;A8MVS1
2.3.3.7.3;ZNF705G;ENSG00000215372;A8MUZ8
2.3.3.81.2;RBAK;;
2.3.3.81.1;ZNF12;;
2.3.3.8.1;ZBTB7A;ENSG00000178951;O95365
2.3.3.8.2;ZBTB7B;ENSG00000160685;O15156
2.3.3.8.3;ZBTB7C;ENSG00000184828;A1YPR0
2.3.3.9.1;YY1;ENSG00000100811;P25490
2.3.3.9.2;YY2;ENSG00000230797;O15391
2.3.3.9.3;ZFP42;ENSG00000179059;Q96MM3
2.3.4.0.20;TRPS1;;
2.3.4.0.77;ADNP1;;
2.3.4.0.78;ADNP2;;
2.3.4.0.1;CASZ1;ENSG00000130940;Q86V15
2.3.4.0.74;E4F1;ENSG00000167967;Q66K89
2.3.4.0.38;FIZ1;ENSG00000179943;Q96SL8
2.3.4.0.23;PEG3;ENSG00000198300;Q9GZU2
2.3.4.0.34;PRDM10;ENSG00000170325;Q9NQV6
2.3.4.0.12;PRDM13;ENSG00000112238;Q9H4Q3
2.3.4.0.32;PRDM15;ENSG00000141956;P57071
2.3.4.0.16;PRDM2;ENSG00000116731;Q13029
2.3.4.0.31;PRDM4;ENSG00000110851;Q9UKN5
2.3.4.0.3;PRDM8;ENSG00000152784;Q9NQV8
2.3.4.0.71;PRDM9;ENSG00000164256;Q9NQV7
2.3.4.0.27;REST;ENSG00000084093;Q13127
2.3.4.0.15;RREB1;ENSG00000124782;Q92766
2.3.4.0.4;WIZ;ENSG00000011451;O95785
2.3.4.0.72;ZBTB17;ENSG00000116809;Q13105
2.3.4.0.8;ZBTB38;ENSG00000177311;Q8NAP3
2.3.4.0.9;ZBTB39;ENSG00000166860;O15060
2.3.4.0.33;ZBTB41;ENSG00000177888;Q5SVQ8
2.3.4.0.7;ZBTB4;ENSG00000174282;Q9P1Z0
2.3.4.0.65;ZFP112;ENSG00000062370;Q9UJU3
2.3.4.0.28;ZFP57;ENSG00000204644;Q9NU63
2.3.4.0.6;ZFPM1;;
2.3.4.0.42;ZKSCAN5;ENSG00000196652;Q9Y2L8
2.3.4.0.51;ZNF101;ENSG00000181896;Q8IZC7
2.3.4.0.70;ZNF132;ENSG00000131849;P52740
2.3.4.0.37;ZNF142;ENSG00000115568;P52746
2.3.4.0.59;ZNF195;ENSG00000005801;O14628
2.3.4.0.25;ZNF236;ENSG00000130856;Q9UL36
2.3.4.0.52;ZNF251;ENSG00000198169;Q9BRH9
2.3.4.0.19;ZNF277;ENSG00000198839;Q9NRM2
2.3.4.0.10;ZNF295;ENSG00000173276;Q9ULJ3
2.3.4.0.69;ZNF304;ENSG00000131845;Q9HCX3
2.3.4.0.43;ZNF316;ENSG00000205903;A6NFI3
2.3.4.0.2;ZNF335;ENSG00000198026;Q9H4Z2
2.3.4.0.35;ZNF341;ENSG00000131061;Q9BYN7
2.3.4.0.73;ZNF407;ENSG00000215421;Q9C0G0
2.3.4.0.22;ZNF438;ENSG00000183621;Q7Z4V0
2.3.4.0.53;ZNF445;ENSG00000185219;P59923
2.3.4.0.21;ZNF451;ENSG00000112200;Q9Y4E5
2.3.4.0.75;ZNF462;ENSG00000148143;Q96JM2
2.3.4.0.45;ZNF467;ENSG00000181444;Q7Z7K2
2.3.4.0.5;ZNF469;ENSG00000225614;Q96JG9
2.3.4.0.48;ZNF48;ENSG00000180035;Q96MX3
2.3.4.0.24;ZNF507;ENSG00000168813;Q8TCN5
2.3.4.0.36;ZNF513;ENSG00000163795;Q8N8E2
2.3.4.0.68;ZNF519;ENSG00000175322;Q8TB69
2.3.4.0.14;ZNF579;ENSG00000218891;Q8NAF0
2.3.4.0.30;ZNF597;ENSG00000167981;Q96LX8
2.3.4.0.67;ZNF606;ENSG00000166704;Q8WXB4
2.3.4.0.18;ZNF618;ENSG00000157657;Q5T7W0
2.3.4.0.39;ZNF628;ENSG00000197483;Q5EBL2
2.3.4.0.49;ZNF629;ENSG00000102870;Q9UEG4
2.3.4.0.76;ZNF644;ENSG00000122482;Q9H582
2.3.4.0.13;ZNF646;ENSG00000167395;O15015
2.3.4.0.50;ZNF668;ENSG00000167394;Q96K58
2.3.4.0.57;ZNF674;ENSG00000251192;Q2M3X9
2.3.4.0.41;ZNF697;ENSG00000143067;Q5TEC3
2.3.4.0.26;ZNF770;ENSG00000198146;Q6IQ21
2.3.4.0.44;ZNF775;ENSG00000196456;Q96BV0
2.3.4.0.63;ZNF778;ENSG00000170100;Q96MU6
2.3.4.0.40;ZNF784;ENSG00000179922;Q8NCA9
2.3.4.0.46;ZNF787;ENSG00000142409;Q6DD87
2.3.4.0.60;ZNF788;ENSG00000214189;Q6ZQV5
2.3.4.0.17;ZNF800;ENSG00000048405;Q2TB10
2.3.4.0.54;ZNF806;;P0C7X5
2.3.4.0.11;ZNF827;ENSG00000151612;Q17R98
2.3.4.0.29;ZNF8;ENSG00000083842;P17098
2.3.4.0.56;ZSCAN20;ENSG00000121903;P17040
2.3.4.10.2;ZNF512B;ENSG00000196700;Q96KM6
2.3.4.10.1;ZNF512;ENSG00000243943;Q96ME7
2.3.4.11.2;ZNF658B;ENSG00000198416;Q4V348
2.3.4.11.1;ZNF658;ENSG00000196409;Q5TYW1
2.3.4.12.1;ZNF423;ENSG00000102935;Q2M1K9
2.3.4.12.2;ZNF521;ENSG00000198795;Q96K83
2.3.4.13.1;ZNF639;ENSG00000121864;Q9UID6
2.3.4.13.2;ZNF711;ENSG00000147180;Q9Y462
2.3.4.14.1;EVI1;ENSG00000085276;Q03112
2.3.4.14.2;PRDM16;ENSG00000142611;Q9HAZ2
2.3.4.15.1;BCL11A;ENSG00000119866;Q9H165
2.3.4.15.2;BCL11B;ENSG00000127152;Q9C0K0
2.3.4.15.3;ZNF296;ENSG00000170684;Q8WUU4
2.3.4.16.1;INSM1;ENSG00000173404;Q01101
2.3.4.16.2;INSM2;ENSG00000168348;Q96T92
2.3.4.17.1;HIC1;ENSG00000177374;Q14526
2.3.4.17.2;HIC2;ENSG00000169635;Q96JB3
2.3.4.18.1;ZNF518A;ENSG00000177853;Q6AHZ1
2.3.4.18.2;ZNF518B;ENSG00000178163;Q9C0D4
2.3.4.19.1;BNC1;ENSG00000169594;Q01954
2.3.4.19.2;BNC2;ENSG00000173068;Q6ZN30
2.3.4.1.6;ZNF211;ENSG00000121417;Q13398
2.3.4.1.7;ZNF256;ENSG00000152454;Q9Y2P7
2.3.4.1.1;ZNF417;ENSG00000173480;Q8TAU3
2.3.4.1.5;ZNF418;ENSG00000196724;Q8TF45
2.3.4.1.3;ZNF552;ENSG00000178935;Q9H707
2.3.4.1.2;ZNF587B;ENSG00000198466;Q96SQ5
2.3.4.1.2;ZNF587;ENSG00000198466;Q96SQ5
2.3.4.1.4;ZNF814;ENSG00000204514;B7Z6K7
2.3.4.20.1;TRERF1;;
2.3.4.20.2;ZNF541;;
2.3.4.21.1;HINFP;ENSG00000172273;Q9BQA5
2.3.4.21.2;ZFAT;ENSG00000066827;Q9P243
2.3.4.22.1;ZNF526;ENSG00000167625;Q8TF50
2.3.4.22.2;ZNF574;ENSG00000105732;Q6ZN55
2.3.4.23.1;ZNF319;ENSG00000166188;Q9P2F9
2.3.4.23.2;ZNF786;ENSG00000197362;Q8N393
2.3.4.24.1;ZNF134;ENSG00000213762;P52741
2.3.4.24.2;ZNF671;ENSG00000083814;Q8TAW3
2.3.4.24.3;ZNF772;ENSG00000197128;Q68DY9
2.3.4.24.4;ZNF792;ENSG00000180884;Q3KQV3
2.3.4.25.3;ZNF248;ENSG00000198105;Q8NDW4
2.3.4.25.4;ZNF334;ENSG00000198185;Q9HCZ1
2.3.4.25.1;ZNF37A;ENSG00000075407;P17032
2.3.4.25.5;ZNF382;ENSG00000161298;Q96SR6
2.3.4.25.6;ZNF510;ENSG00000081386;Q9Y2H8
2.3.4.25.2;ZNF717;ENSG00000227124;Q9BY31
2.3.4.2.4;ZNF217;ENSG00000171940;O75362
2.3.4.2.1;ZNF219;ENSG00000165804;Q9P2Y4
2.3.4.2.3;ZNF516;ENSG00000101493;Q92618
2.3.4.2.2;ZNF536;ENSG00000198597;O15090
2.3.4.3.1;SALL1;ENSG00000103449;Q9NSC2
2.3.4.3.2;SALL2;ENSG00000165821;Q9Y467
2.3.4.3.3;SALL3;ENSG00000256463;Q9BXA9
2.3.4.3.4;SALL4;ENSG00000101115;Q9UJQ4
2.3.4.4.1;IKZF1;ENSG00000185811;Q13422
2.3.4.4.2;IKZF2;ENSG00000030419;Q9UKS7
2.3.4.4.3;IKZF3;ENSG00000161405;Q9UKT9
2.3.4.4.4;IKZF4;ENSG00000123411;Q9H2S9
2.3.4.4.5;IKZF5;ENSG00000095574;Q9H5V7
2.3.4.5.1;HIVEP1;ENSG00000095951;P15822
2.3.4.5.2;HIVEP2;ENSG00000010818;P31629
2.3.4.5.3;HIVEP3;ENSG00000127124;Q5T1R4
2.3.4.6.1;ZBTB1;ENSG00000126804;Q9Y2K1
2.3.4.6.3;ZBTB25;ENSG00000089775;P24278
2.3.4.6.2;ZBTB2;ENSG00000181472;Q8N680
2.3.4.7.1;RLF;ENSG00000117000;Q13129
2.3.4.7.2;ZNF292;ENSG00000188994;O60281
2.3.4.7.3;ZNF654;ENSG00000175105;Q8IZM8
2.3.4.8.1;MAZ;ENSG00000103495;P56270
2.3.4.8.3;PATZ1;ENSG00000100105;Q9HBE1
2.3.4.8.2;VEZF1;ENSG00000136451;Q14119
2.3.4.9.1;ZNF532;ENSG00000074657;Q9HCE3
2.3.4.9.2;ZNF592;ENSG00000166716;Q92610
2.3.4.9.3;ZNF687;ENSG00000143373;Q8N1G0
2.3.5.0.1;ZBED1;ENSG00000214717;O96006
2.3.5.0.2;ZBED2;ENSG00000177494;Q9BTP6
2.3.5.0.3;ZBED3;ENSG00000132846;Q96IU2
2.3.5.0.4;ZBED4;ENSG00000100426;O75132
2.3.5.0.5;ZBED5;ENSG00000236287;Q49AG3
2.3.5.0.6;ZBED6;ENSG00000257315;P86452
2.5.1.0.1;DMRT1;ENSG00000137090;Q9Y5R6
2.5.1.0.2;DMRT2;ENSG00000173253;Q9Y5R5
2.5.1.0.3;DMRT3;ENSG00000064218;Q9NQL9
2.5.1.0.4;DMRTA1;ENSG00000176399;Q5VZB9
2.5.1.0.5;DMRTA2;ENSG00000142700;Q96SC8
2.5.1.0.6;DMRTB1;ENSG00000143006;Q96MA1
2.5.1.0.8;DMRTC1;ENSG00000184911;Q5HYR2
2.5.1.0.7;DMRTC2;ENSG00000142025;Q8IXT2
2.6.1.0.1;CXXC1;ENSG00000154832;Q9P0U4
2.6.1.0.6;DNMT1;ENSG00000130816;P26358
2.6.1.0.5;KDM2A;ENSG00000173120;Q9Y2K7
2.6.1.0.7;KMT2B;ENSG00000167548;Q9UMN6
2.6.1.0.2;MBD1;ENSG00000141644;Q9UIS9
2.6.1.0.4;MLL;ENSG00000118058;Q03164
2.6.1.0.3;TET1;ENSG00000138336;Q8NFU7
2.7.2.0.1;FOG1;;
2.7.2.0.2;FOG2;;
2.7.3.0.5;KAT5;ENSG00000172977;Q92993
2.7.4.0.1;L3MBTL1;ENSG00000185513;Q9Y468
2.7.5.0.1;LYAR;ENSG00000145220;Q9NX58
2.7.3.0.1;MYST1;ENSG00000103510;Q9H7Z6
2.7.3.0.2;MYST2;ENSG00000136504;O95251
2.7.3.0.3;MYST3;ENSG00000083168;Q92794
2.7.3.0.4;MYST4;ENSG00000156650;Q8WYB5
2.7.1.0.2;MYT1L;ENSG00000186487;Q9UL68
2.7.1.0.1;MYT1;ENSG00000196132;Q01538
2.7.1.0.3;ST18;ENSG00000147488;O60284
2.8.4.0.1;CNOT4;ENSG00000080802;O95628
2.8.3.0.1;RC3H2;ENSG00000056586;Q9HBD1
2.8.1.0.2;ZC3H4;ENSG00000130749;Q9UPT8
2.8.1.0.3;ZC3H6;ENSG00000188177;P61129
2.8.1.0.1;ZC3H8;ENSG00000144161;Q8N5P1
2.8.2.0.1;ZGPAT;ENSG00000197114;Q8N5A5
2.9.1.0.12;PRKRIR;ENSG00000137492;O43422
2.9.1.0.10;THAP10;ENSG00000129028;Q9P2Z0
2.9.1.0.11;THAP11;ENSG00000168286;Q96EK4
2.9.1.0.1;THAP1;ENSG00000131931;Q9NVV9
2.9.1.0.2;THAP2;ENSG00000173451;Q9H0W7
2.9.1.0.3;THAP3;ENSG00000041988;Q8WTV1
2.9.1.0.4;THAP4;ENSG00000176946;Q8WY91
2.9.1.0.5;THAP5;ENSG00000177683;Q7Z6K1
2.9.1.0.6;THAP6;ENSG00000174796;Q8TBB0
2.9.1.0.7;THAP7;ENSG00000184436;Q9BT49
2.9.1.0.8;THAP8;ENSG00000161277;Q8NA92
2.9.1.0.9;THAP9;ENSG00000168152;Q9H5L6
3.1.10.1.1;POU1F1;ENSG00000064835;P28069
3.1.10.2.1;POU2F1;ENSG00000143190;P14859
3.1.10.2.2;POU2F2;ENSG00000028277;P09086
3.1.10.2.3;POU2F3;ENSG00000137709;Q9UKI9
3.1.10.3.1;POU3F1;ENSG00000185668;Q03052
3.1.10.3.2;POU3F2;ENSG00000184486;P20265
3.1.10.3.3;POU3F3;ENSG00000198914;P20264
3.1.10.3.4;POU3F4;ENSG00000196767;P49335
3.1.10.4.1;POU4F1;ENSG00000152192;Q01851
3.1.10.4.2;POU4F2;ENSG00000151615;Q12837
3.1.10.4.3;POU4F3;ENSG00000091010;Q15319
3.1.10.5.3;POU5F1B;ENSG00000248483;Q8N7G0
3.1.10.5.2;POU5F1P1;ENSG00000212993;Q06416
3.1.10.5.1;POU5F1;ENSG00000204531;Q01860
3.1.10.5.4;POU5F2;;
3.1.10.6.1;POU6F1;ENSG00000184271;Q14863
3.1.10.6.2;POU6F2;ENSG00000106536;P78424
3.1.10.7.3;HMBOX1;ENSG00000147421;Q6NT76
3.1.10.7.1;HNF1A;ENSG00000135100;P20823
3.1.10.7.2;HNF1B;ENSG00000108753;P35680
3.1.10.8.1;HDX;ENSG00000165259;Q7Z353
3.1.1.10.1;EVX1;ENSG00000106038;P49640
3.1.1.10.2;EVX2;ENSG00000174279;Q03828
3.1.11.0.1;PHTF1;ENSG00000116793;Q9UMS5
3.1.11.0.2;PHTF2;ENSG00000006576;Q8N3S3
3.1.1.11.1;GBX1;ENSG00000164900;Q14549
3.1.1.11.2;GBX2;ENSG00000168505;P52951
3.1.1.12.1;GSX1;ENSG00000169840;Q9H4S2
3.1.1.12.2;GSX2;ENSG00000180613;Q9BZM3
3.1.1.13.1;MNX1;ENSG00000130675;P50219
3.1.1.14.1;MEOX1;ENSG00000005102;P50221
3.1.1.14.2;MEOX2;ENSG00000106511;P50222
3.1.1.15.1;PDX1;ENSG00000139515;P52945
3.1.1.1.1;HOXA1;ENSG00000105991;P49639
3.1.1.1.2;HOXB1;ENSG00000120094;P14653
3.1.1.1.3;HOXD1;ENSG00000128645;Q9GZZ0
3.1.1.2.1;HOXA2;ENSG00000105996;O43364
3.1.1.2.2;HOXB2;ENSG00000173917;P14652
3.1.1.3.1;HOXA3;ENSG00000105997;O43365
3.1.1.3.2;HOXB3;ENSG00000120093;P14651
3.1.1.3.3;HOXD3;ENSG00000128652;P31249
3.1.1.4.1;HOXA4;ENSG00000197576;Q00056
3.1.1.4.2;HOXB4;ENSG00000182742;P17483
3.1.1.4.3;HOXC4;ENSG00000198353;P09017
3.1.1.4.4;HOXD4;ENSG00000170166;P09016
3.1.1.5.1;HOXA5;ENSG00000106004;P20719
3.1.1.5.2;HOXB5;ENSG00000120075;P09067
3.1.1.5.3;HOXC5;ENSG00000172789;Q00444
3.1.1.6.1;HOXA6;ENSG00000106006;P31267
3.1.1.6.4;HOXA7;ENSG00000122592;P31268
3.1.1.6.2;HOXB6;ENSG00000108511;P17509
3.1.1.6.5;HOXB7;ENSG00000260027;P09629
3.1.1.6.3;HOXC6;ENSG00000197757;P09630
3.1.1.7.1;HOXB8;ENSG00000120068;P17481
3.1.1.7.2;HOXC8;ENSG00000037965;P31273
3.1.1.7.3;HOXD8;ENSG00000175879;P13378
3.1.1.8.5;HOXA10;ENSG00000253293;P31260
3.1.1.8.9;HOXA11;ENSG00000123388;O43248
3.1.1.8.14;HOXA13;ENSG00000159184;Q92826
3.1.1.8.1;HOXA9;ENSG00000078399;P31269
3.1.1.8.15;HOXB13;ENSG00000123364;P31276
3.1.1.8.2;HOXB9;ENSG00000170689;P17482
3.1.1.8.7;HOXC10;ENSG00000128710;P28358
3.1.1.8.10;HOXC11;ENSG00000128713;P31277
3.1.1.8.12;HOXC12;ENSG00000170178;P35452
3.1.1.8.16;HOXC13;ENSG00000128714;P35453
3.1.1.8.3;HOXC9;ENSG00000180806;P31274
3.1.1.8.8;HOXD10;ENSG00000005073;P31270
3.1.1.8.11;HOXD11;ENSG00000123407;P31275
3.1.1.8.13;HOXD12;ENSG00000106031;P31271
3.1.1.8.17;HOXD13;;
3.1.1.8.4;HOXD9;ENSG00000128709;P28356
3.1.1.9.1;CDX1;ENSG00000113722;P47902
3.1.1.9.2;CDX2;ENSG00000165556;Q99626
3.1.1.9.3;CDX4;ENSG00000131264;O14627
3.1.2.10.1;LBX1;ENSG00000138136;P52954
3.1.2.10.2;LBX2;ENSG00000179528;Q6XYB7
3.1.2.11.1;MSX1;ENSG00000163132;P28360
3.1.2.11.2;MSX2;ENSG00000120149;P35548
3.1.2.12.2;NANOG2;EOG090A0BIS;Q8N7R0
3.1.2.12.1;NANOG;ENSG00000111704;Q9H9S0
3.1.2.12.3;NANOGP8;ENSG00000255192;Q6NSW7
3.1.2.13.1;NKX1-1;ENSG00000235608;Q15270
3.1.2.13.2;NKX1-2;ENSG00000229544;Q9UD57
3.1.2.14.1;NKX2-1;ENSG00000136352;P43699
3.1.2.14.2;NKX2-4;ENSG00000125816;Q9H2Z4
3.1.2.15.1;NKX2-2;ENSG00000125820;O95096
3.1.2.15.2;NKX2-8;ENSG00000136327;O15522
3.1.2.16.1;NKX3-1;ENSG00000167034;Q99801
3.1.2.16.2;NKX3-2;ENSG00000109705;P78367
3.1.2.17.1;NKX2-3;ENSG00000119919;Q8TAU0
3.1.2.17.2;NKX2-5;ENSG00000183072;P52952
3.1.2.17.3;NKX2-6;ENSG00000180053;A6NCS4
3.1.2.18.1;HMX1;ENSG00000215612;Q9NP08
3.1.2.18.2;HMX2;ENSG00000188816;A2RU54
3.1.2.18.3;HMX3;ENSG00000188620;A6NHT5
3.1.2.19.1;NKX6-1;ENSG00000163623;P78426
3.1.2.19.2;NKX6-2;ENSG00000148826;Q9C056
3.1.2.19.3;NKX6-3;ENSG00000165066;A6NJ46
3.1.2.1.1;BARHL1;ENSG00000125492;Q9BZE3
3.1.2.1.2;BARHL2;ENSG00000143032;Q9NY43
3.1.2.20.1;NOTO;ENSG00000214513;A8MTQ0
3.1.2.21.1;TLX1;ENSG00000107807;P31314
3.1.2.21.2;TLX2;ENSG00000115297;O43763
3.1.2.21.3;TLX3;ENSG00000164438;O43711
3.1.2.22.1;VAX1;ENSG00000148704;Q5SQQ9
3.1.2.22.2;VAX2;ENSG00000116035;Q9UIW0
3.1.2.23.1;VENTX;ENSG00000151650;O95231
3.1.2.2.1;BARX1;ENSG00000131668;Q9HBU1
3.1.2.2.2;BARX2;ENSG00000043039;Q9UMQ3
3.1.2.3.1;BSX1;ENSG00000188909;Q3C1V8
3.1.2.4.1;DBX1;ENSG00000109851;A6NMT0
3.1.2.4.2;DBX2;ENSG00000185610;Q6ZNG2
3.1.2.5.1;DLX1;ENSG00000144355;P56177
3.1.2.5.2;DLX2;ENSG00000115844;Q07687
3.1.2.5.3;DLX3;ENSG00000064195;O60479
3.1.2.5.4;DLX4;ENSG00000108813;Q92988
3.1.2.5.5;DLX5;ENSG00000105880;P56178
3.1.2.5.6;DLX6;ENSG00000006377;P56179
3.1.2.6.1;EMX1;ENSG00000135638;Q04741
3.1.2.6.2;EMX2;ENSG00000170370;Q04743
3.1.2.7.1;EN1;ENSG00000163064;Q05925
3.1.2.7.2;EN2;ENSG00000164778;P19622
3.1.2.8.1;HHEX;ENSG00000152804;Q03014
3.1.2.9.1;HLX1;ENSG00000136630;Q14774
3.1.3.10.1;HESX1;ENSG00000163666;Q9UBX0
3.1.3.11.1;HOPX;ENSG00000171476;Q9BPY8
3.1.3.12.1;ISX;ENSG00000175329;Q2M1V0
3.1.3.13.1;LEUTX;ENSG00000213921;A8MZ59
3.1.3.14.1;MIXL1;ENSG00000185155;Q9H2W2
3.1.3.15.1;NOBOX;ENSG00000106410;O60393
3.1.3.16.1;OTP;ENSG00000171540;Q5XKR4
3.1.3.17.3;CRX;ENSG00000105392;O43186
3.1.3.17.1;OTX1;ENSG00000115507;P32242
3.1.3.17.2;OTX2;ENSG00000165588;P32243
3.1.3.18.1;PHOX2A;ENSG00000165462;O14813
3.1.3.18.2;PHOX2B;ENSG00000109132;Q99453
3.1.3.19.1;PITX1;ENSG00000069011;P78337
3.1.3.19.2;PITX2;ENSG00000164093;Q99697
3.1.3.19.3;PITX3;ENSG00000164093;O75364
3.1.3.1.1;ALX1;ENSG00000180318;Q15699
3.1.3.1.2;ALX3;ENSG00000156150;O95076
3.1.3.1.3;ALX4;ENSG00000052850;Q9H161
3.1.3.20.1;PROP1;ENSG00000175325;O75360
3.1.3.21.1;PRRX1;ENSG00000116132;P54821
3.1.3.21.2;PRRX2;ENSG00000167157;Q99811
3.1.3.22.2;RAX2;ENSG00000173976;Q96IS3
3.1.3.22.1;RAX;ENSG00000134438;Q9Y2V3
3.1.3.23.1;RHOXF1;ENSG00000101883;Q8NHV9
3.1.3.23.3;RHOXF2B;ENSG00000203989;P0C7M4
3.1.3.23.2;RHOXF2;ENSG00000131721;Q9BQY4
3.1.3.24.1;SEBOX;ENSG00000109072;Q9HB31
3.1.3.25.2;SHOX2;ENSG00000168779;O60902
3.1.3.25.1;SHOX;ENSG00000185960;O15266
3.1.3.26.1;TPRX1;ENSG00000178928;Q8N7U7
3.1.3.26.2;TPRXL;ENSG00000180438;Q17RH7
3.1.3.27.1;UNCX;ENSG00000164853;A6NJT0
3.1.3.28.1;VSX1;ENSG00000100987;Q9NZR4
3.1.3.28.2;VSX2;ENSG00000119614;P58304
3.1.3.2.1;ARGFX;ENSG00000186103;A6NJG6
3.1.3.3.1;ARX;ENSG00000004848;Q96QS3
3.1.3.4.1;DMBX1;ENSG00000197587;Q8NFW5
3.1.3.5.1;DPRX;ENSG00000204595;A6NFQ7
3.1.3.6.1;DRGX;ENSG00000165606;A6NNA5
3.1.3.7.2;DUX1;;O43812
3.1.3.7.4;DUX3;;Q96PT4
3.1.3.7.9;DUX4L4;ENSG00000258834;P0CJ87
3.1.3.7.5;DUX4;ENSG00000258389;Q9UBX2
3.1.3.7.1;DUXA;ENSG00000258873;A6NLW8
3.1.3.8.1;ESX1;ENSG00000123576;Q8N693
3.1.3.9.2;GSC2;ENSG00000063515;O15499
3.1.3.9.1;GSC;ENSG00000133937;P56915
3.1.4.1.1;IRX1;ENSG00000170549;P78414
3.1.4.1.2;IRX2;ENSG00000170561;Q9BZI1
3.1.4.1.3;IRX3;ENSG00000177508;P78415
3.1.4.1.4;IRX4;ENSG00000113430;P78413
3.1.4.1.5;IRX5;ENSG00000176842;P78411
3.1.4.1.6;IRX6;ENSG00000159387;P78412
3.1.4.2.1;MEIS1;ENSG00000143995;O00470
3.1.4.2.2;MEIS2;ENSG00000134138;O14770
3.1.4.2.3;MEIS3;ENSG00000105419;Q99687
3.1.4.2.4;MEIS3P1;;A6NDR6
3.1.4.2.5;MEIS3P2;;A8K0S8
3.1.4.3.1;MKX;ENSG00000150051;Q8IYA7
3.1.4.1.1;PBX1;ENSG00000170549;P78414
3.1.4.1.2;PBX2;ENSG00000170561;Q9BZI1
3.1.4.1.3;PBX3;ENSG00000177508;P78415
3.1.4.1.4;PBX4;ENSG00000113430;P78413
3.1.4.4.1;PKNOX1;ENSG00000185630;P40424
3.1.4.4.2;PKNOX2;ENSG00000204304;P40425
3.1.4.5.1;TGIF1;ENSG00000160199;P55347
3.1.4.5.3;TGIF2LX;;
3.1.4.5.4;TGIF2LY;;
3.1.4.5.2;TGIF2;ENSG00000165495;Q96KN3
3.1.5.1.1;ISL1;ENSG00000016082;P61371
3.1.5.1.2;ISL2;ENSG00000159556;Q96A47
3.1.5.2.1;LHX1;ENSG00000132130;P48742
3.1.5.2.2;LHX5;ENSG00000089116;Q9H2C1
3.1.5.3.1;LHX2;ENSG00000106689;P50458
3.1.5.3.2;LHX9;ENSG00000143355;Q9NQ69
3.1.5.4.1;LHX3;ENSG00000107187;Q9UBR4
3.1.5.4.2;LHX4;ENSG00000121454;Q969G2
3.1.5.5.1;LHX6;ENSG00000106852;Q9UPM6
3.1.5.5.2;LHX8;ENSG00000162624;Q68G74
3.1.5.6.1;LMX1alpha;ENSG00000162761;Q8TE12
3.1.5.6.2;LMX1beta;ENSG00000136944;O60663
3.1.6.1.1;SIX1;ENSG00000126778;Q15475
3.1.6.1.2;SIX2;ENSG00000170577;Q9NPC8
3.1.6.2.1;SIX3;ENSG00000138083;O95343
3.1.6.2.2;SIX6;ENSG00000184302;O95475
3.1.6.3.1;SIX4;ENSG00000100625;Q9UIU6
3.1.6.3.2;SIX5;ENSG00000177045;Q8N196
3.1.7.0.1;PROX1;ENSG00000117707;Q92786
3.1.7.0.2;PROX2;ENSG00000119608;Q3B8N5
3.1.8.1.1;ADNP1;;
3.1.8.1.2;ADNP2;;
3.1.8.2.1;TSHZ1;ENSG00000179981;Q6ZSZ6
3.1.8.2.2;TSHZ2;ENSG00000182463;Q9NRE2
3.1.8.2.3;TSHZ3;ENSG00000121297;Q63HK5
3.1.8.3.1;ZEB1;ENSG00000148516;P37275
3.1.8.3.2;ZEB2;ENSG00000169554;O60315
3.1.8.4.1;ZFHX2;ENSG00000136367;Q9C0A1
3.1.8.4.2;ZFHX3;ENSG00000140836;Q15911
3.1.8.4.3;ZFHX4;ENSG00000091656;Q86UP3
3.1.8.5.4;HOMEZ;ENSG00000215271;Q8IX15
3.1.8.5.5;NANOGNB;ENSG00000205857;Q7Z5D8
3.1.8.5.1;ZHX1;ENSG00000165156;Q9UKY1
3.1.8.5.2;ZHX2;ENSG00000178764;Q9Y6X8
3.1.8.5.3;ZHX3;ENSG00000174306;Q9H4I2
3.1.9.1.1;ONECUT1;ENSG00000169856;Q9UBC0
3.1.9.1.2;ONECUT2;ENSG00000119547;O95948
3.1.9.1.3;ONECUT3;ENSG00000205922;O60422
3.1.9.2.1;CUX1;ENSG00000257923;P39880
3.1.9.2.2;CUX2;ENSG00000111249;O14529
3.1.9.3.1;SATB1;ENSG00000182568;Q01826
3.1.9.3.2;SATB2;ENSG00000119042;Q9UPW6
3.2.1.1.1;PAX3;ENSG00000135903;P23760
3.2.1.1.2;PAX7;ENSG00000009709;P23759
3.2.1.2.1;PAX4;ENSG00000106331;O43316
3.2.1.2.2;PAX6;ENSG00000007372;P26367
3.2.2.1.1;PAX1;ENSG00000125813;P15863
3.2.2.1.2;PAX9;ENSG00000198807;P55771
3.2.2.2.1;PAX2;ENSG00000075891;Q02962
3.2.2.2.2;PAX5;ENSG00000196092;Q02548
3.2.2.2.3;PAX8;ENSG00000125618;Q06710
3.3.1.10.1;FOXJ1;ENSG00000129654;Q92949
3.3.1.10.2;FOXJ2;ENSG00000065970;Q9P0K8
3.3.1.10.3;FOXJ3;ENSG00000198815;Q9UPW0
3.3.1.11.1;FOXK1;ENSG00000164916;P85037
3.3.1.11.2;FOXK2;ENSG00000141568;Q01167
3.3.1.12.1;FOXL1;ENSG00000176678;Q12952
3.3.1.12.2;FOXL2;ENSG00000183770;P58012
3.3.1.13.1;FOXM1;ENSG00000111206;Q08050
3.3.1.14.1;FOXN1;ENSG00000109101;O15353
3.3.1.14.2;FOXN2;ENSG00000170802;P32314
3.3.1.14.3;FOXN3;ENSG00000053254;O00409
3.3.1.14.4;FOXN4;ENSG00000139445;Q96NZ1
3.3.1.15.1;FOXO1;ENSG00000150907;Q12778
3.3.1.15.2;FOXO3;ENSG00000118689;O43524
3.3.1.15.3;FOXO4;ENSG00000184481;P98177
3.3.1.15.5;FOXO6;;
3.3.1.16.1;FOXP1;ENSG00000114861;Q9H334
3.3.1.16.2;FOXP2;ENSG00000128573;O15409
3.3.1.16.3;FOXP3;ENSG00000049768;Q9BZS1
3.3.1.16.4;FOXP4;ENSG00000137166;Q8IVH2
3.3.1.17.1;FOXQ1;ENSG00000164379;Q9C009
3.3.1.18.1;FOXR1;ENSG00000176302;Q6PIV2
3.3.1.18.2;FOXR2;ENSG00000189299;Q6PJQ5
3.3.1.19.1;FOXS1;ENSG00000179772;O43638
3.3.1.1.1;FOXA1;ENSG00000129514;P55317
3.3.1.1.2;FOXA2;ENSG00000125798;Q9Y261
3.3.1.1.3;FOXA3;ENSG00000170608;P55318
3.3.1.2.1;FOXB1;ENSG00000171956;Q99853
3.3.1.2.2;FOXB2;ENSG00000204612;Q5VYV0
3.3.1.3.1;FOXC1;ENSG00000054598;Q12948
3.3.1.3.2;FOXC2;ENSG00000176692;Q99958
3.3.1.4.1;FOXD1;ENSG00000251493;Q16676
3.3.1.4.2;FOXD2;ENSG00000186564;O60548
3.3.1.4.3;FOXD3;ENSG00000187140;Q9UJU5
3.3.1.4.5;FOXD4L1;ENSG00000184492;Q9NU39
3.3.1.4.6;FOXD4L2;ENSG00000204828;Q6VB85
3.3.1.4.7;FOXD4L3;ENSG00000187559;Q6VB84
3.3.1.4.8;FOXD4L4;ENSG00000184659;Q8WXT5
3.3.1.4.9;FOXD4L5;ENSG00000204779;Q5VV16
3.3.1.4.10;FOXD4L6;ENSG00000204793;Q3SYB3
3.3.1.4.4;FOXD4;ENSG00000170122;Q12950
3.3.1.5.1;FOXE1;ENSG00000178919;O00358
3.3.1.5.2;FOXE3;ENSG00000186790;Q13461
3.3.1.6.1;FOXF1;ENSG00000103241;Q12946
3.3.1.6.2;FOXF2;ENSG00000137273;Q12947
3.3.1.7.1;FOXG1;ENSG00000176165;P55316
3.3.1.8.1;FOXH1;ENSG00000160973;O75593
3.3.1.9.1;FOXI1;ENSG00000168269;Q12951
3.3.1.9.2;FOXI2;ENSG00000186766;Q6ZQN5
3.3.1.9.3;FOXI3;ENSG00000214336;A8MTJ6
3.3.2.1.1;E2F1;ENSG00000101412;Q01094
3.3.2.1.2;E2F2;ENSG00000007968;Q14209
3.3.2.1.3;E2F3;ENSG00000112242;O00716
3.3.2.1.4;E2F4;ENSG00000205250;Q16254
3.3.2.1.5;E2F5;ENSG00000133740;Q15329
3.3.2.1.6;E2F6;ENSG00000169016;O75461
3.3.2.1.7;E2F7;ENSG00000165891;Q96AV8
3.3.2.1.8;E2F8;ENSG00000129173;A0AVK6
3.3.2.2.1;DP1;ENSG00000198176;Q14186
3.3.2.2.2;DP2;ENSG00000114126;Q14188
3.3.2.2.2;DP3;ENSG00000114126;Q14188
3.3.3.0.1;RFX1;ENSG00000132005;P22670
3.3.3.0.2;RFX2;ENSG00000087903;P48378
3.3.3.0.3;RFX3;ENSG00000080298;P48380
3.3.3.0.4;RFX4;ENSG00000111783;Q33E94
3.3.3.0.5;RFX5;ENSG00000143390;P48382
3.3.3.0.6;RFX6;ENSG00000185002;Q8HWS3
3.3.3.0.7;RFX7;ENSG00000181827;Q2KHR2
3.3.3.0.8;RFX8;ENSG00000196460;Q6ZV50
3.4.1.0.1;HSF1;ENSG00000185122;Q00613
3.4.1.0.2;HSF2;ENSG00000025156;Q03933
3.4.1.0.4;HSF4;ENSG00000176160;Q4G112
3.4.1.0.5;HSF5;ENSG00000171116;Q9UBD0
3.4.1.0.6;HSFX1;ENSG00000172468;Q96LI6
3.4.1.0.7;HSFX2;;
3.4.1.0.10;HSFX3;;
3.4.1.0.8;HSFY1;;
3.4.1.0.9;HSFY2;;
3.5.1.1.2;A-MYB;ENSG00000185697;P10243
3.5.1.1.3;B-MYB;ENSG00000101057;P10244
3.5.1.1.4;CDC5L;ENSG00000096401;Q99459
3.5.1.0.1;MSANTD1;;
3.5.1.0.2;MSANTD2;;
3.5.1.0.3;MSANTD3;;
3.5.1.0.4;MSANTD4;;
3.5.1.1.1;MYB;ENSG00000118513;P10242
3.5.1.0.5;MYPOP;;
3.5.1.1.5;SNAPc4;ENSG00000165684;Q5SXM2
3.5.1.2.1;NCoR1;ENSG00000141027;O75376
3.5.1.2.2;NCoR2;ENSG00000196498;Q9Y618
3.5.1.2.3;RCoR1;ENSG00000089902;Q9UKL0
3.5.1.2.4;RCoR2;ENSG00000167771;Q8IZ40
3.5.1.2.5;RCoR3;ENSG00000117625;Q9P2K3
3.5.1.3.11;CRAMP1L;ENSG00000007545;Q96RY5
3.5.1.3.8;DMAP1;ENSG00000178028;Q9NPF5
3.5.1.3.12;ELMSAN1;ENSG00000156030;Q6PJG2
3.5.1.3.1;MIER1;ENSG00000198160;Q8N108
3.5.1.3.2;MIER2;ENSG00000105556;Q8N344
3.5.1.3.3;MIER3;ENSG00000155545;Q7Z3K6
3.5.1.3.4;MTA1;ENSG00000182979;Q13330
3.5.1.3.5;MTA2;ENSG00000149480;O94776
3.5.1.3.6;MTA3;ENSG00000057935;Q9BTC8
3.5.1.3.7;RERE;ENSG00000142599;Q9P2R6
3.5.1.3.9;TRERF1;ENSG00000124496;Q96PN7
3.5.1.3.10;ZNF541;ENSG00000118156;Q9H0D2
3.5.1.4.1;DNAJC1;ENSG00000136770;Q96KC8
3.5.1.4.2;DNAJC2;ENSG00000105821;Q99543
3.5.1.5.1;SMARCA1;ENSG00000102038;P28370
3.5.1.5.2;SMARCA5;ENSG00000153147;O60264
3.5.1.6.3;SMARCC1;ENSG00000173473;Q92922
3.5.1.6.4;SMARCC2;ENSG00000139613;Q8TAQ2
3.5.1.6.1;TADA2A;ENSG00000108264;O75478
3.5.1.6.2;TADA2B;ENSG00000173011;Q86TJ2
3.5.1.7.1;DMTF1;ENSG00000135164;Q9Y222
3.5.2.1.11;ERF;ENSG00000105722;P50548
3.5.2.1.7;ERG;ENSG00000157554;P11308
3.5.2.1.1;Ets-1;ENSG00000134954;P14921
3.5.2.1.2;Ets-2;ENSG00000157557;P15036
3.5.2.1.4;ETV2;ENSG00000105672;O00321
3.5.2.1.10;ETV3L;ENSG00000253831;Q6ZN32
3.5.2.1.9;ETV3;ENSG00000117036;P41162
3.5.2.1.8;FEV;ENSG00000163497;Q99581
3.5.2.1.6;FLI1;ENSG00000151702;Q01543
3.5.2.1.5;GABPA;ENSG00000154727;Q06546
3.5.2.2.1;ELK1;ENSG00000126767;P19419
3.5.2.2.2;ELK3;ENSG00000111145;P41970
3.5.2.2.3;ELK4;ENSG00000158711;P28324
3.5.2.2.4;ETV1;ENSG00000006468;P50549
3.5.2.2.5;ETV4;ENSG00000175832;P43268
3.5.2.2.6;ETV5;ENSG00000244405;P41161
3.5.2.3.1;ELF1;ENSG00000120690;P32519
3.5.2.3.2;ELF2;ENSG00000109381;Q15723
3.5.2.3.3;ELF4;ENSG00000102034;Q99607
3.5.2.4.1;EHF;ENSG00000135373;Q9NZC4
3.5.2.4.2;ELF3;ENSG00000163435;P78545
3.5.2.4.3;ELF5;ENSG00000135374;Q9UKW6
3.5.2.5.1;SPI1;ENSG00000066336;P17947
3.5.2.5.2;SPIB;ENSG00000142539;Q01892
3.5.2.5.3;SPIC;ENSG00000166211;Q8N5J4
3.5.2.6.1;ETV6;ENSG00000139083;P41212
3.5.2.6.2;ETV7;ENSG00000010030;Q9Y603
3.5.2.7.1;SPDEF;ENSG00000124664;O95238
3.5.3.0.1;IRF1;ENSG00000125347;P10914
3.5.3.0.2;IRF2;ENSG00000168310;P14316
3.5.3.0.3;IRF3;ENSG00000126456;Q14653
3.5.3.0.4;IRF4;ENSG00000137265;Q15306
3.5.3.0.5;IRF5;ENSG00000128604;Q13568
3.5.3.0.6;IRF6;ENSG00000117595;O14896
3.5.3.0.7;IRF7;ENSG00000185507;Q92985
3.5.3.0.8;IRF8;ENSG00000140968;Q02556
3.5.3.0.9;IRF9;ENSG00000213928;Q00978
3.6.1.0.1;TEAD1;ENSG00000187079;P28347
3.6.1.0.3;TEAD2;ENSG00000074219;Q15562
3.6.1.0.4;TEAD3;ENSG00000007866;Q99594
3.6.1.0.2;TEAD4;ENSG00000197905;Q15561
3.6.1.0.5;TEAD5;;
3.7.1.1.1;ARID1A;ENSG00000117713;O14497
3.7.1.1.2;ARID1B;ENSG00000049618;Q8NFD5
3.7.1.2.1;ARID2;ENSG00000189079;Q68CP9
3.7.1.4.1;ARID4A;ENSG00000032219;P29374
3.7.1.4.2;ARID4B;ENSG00000054267;Q4LE39
3.7.1.5.1;ARID5A;ENSG00000196843;Q03989
3.7.1.5.2;ARID5B;ENSG00000150347;Q14865
3.7.1.7.1;JARID2;ENSG00000008083;Q92833
3.7.1.3.1;ARID3A;ENSG00000116017;Q99856
3.7.1.3.2;ARID3B;ENSG00000179361;Q8IVW6
3.7.1.3.3;ARID3C;ENSG00000205143;A6NKF2
3.7.1.6.1;JARID1A;ENSG00000073614;P29375
3.7.1.6.2;JARID1B;ENSG00000117139;Q9UGL1
3.7.1.6.3;JARID1C;ENSG00000126012;P41229
3.7.1.6.4;JARID1D;ENSG00000012817;Q9BY66
4.1.1.1.1;SRY;ENSG00000184895;Q05066
4.1.1.2.4;SOX14;ENSG00000168875;O95416
4.1.1.2.1;SOX1;ENSG00000182968;O00570
4.1.1.2.5;SOX21;ENSG00000125285;Q9Y651
4.1.1.2.2;SOX2;ENSG00000181449;P48431
4.1.1.2.3;SOX3;ENSG00000134595;P41225
4.1.1.3.2;SOX11;ENSG00000176887;P35716
4.1.1.3.3;SOX12;ENSG00000177732;O15370
4.1.1.3.1;SOX4;ENSG00000124766;Q06945
4.1.1.4.3;SOX13;ENSG00000143842;Q9UN79
4.1.1.4.1;SOX5;ENSG00000134532;P35711
4.1.1.4.2;SOX6;ENSG00000110693;P35712
4.1.1.5.3;SOX10;ENSG00000100146;P56693
4.1.1.5.1;SOX8;ENSG00000005513;P57073
4.1.1.5.2;SOX9;ENSG00000125398;P48436
4.1.1.6.2;SOX17;ENSG00000164736;Q9H6I2
4.1.1.6.3;SOX18;ENSG00000203883;P35713
4.1.1.6.1;SOX7;ENSG00000171056;Q9BT81
4.1.1.7.1;SOX15;ENSG00000129194;O60248
4.1.1.8.1;SOX30;ENSG00000039600;O94993
4.1.1.9.3;BBX;ENSG00000114439;Q8WY36
4.1.1.9.1;CIC;ENSG00000079432;Q96RK0
4.1.1.9.2;HBP1;ENSG00000105856;O60381
4.1.2.0.6;HMG20A;ENSG00000140382;Q9NP66
4.1.2.0.7;HMG20B;ENSG00000064961;Q9P0W2
4.1.2.0.8;HMGXB3;ENSG00000113716;Q12766
4.1.2.0.5;SMARCE1;ENSG00000073584;Q969G3
4.1.2.0.2;TOX2;ENSG00000124191;Q96NM4
4.1.2.0.3;TOX3;ENSG00000103460;O15405
4.1.2.0.4;TOX4;ENSG00000092203;O94842
4.1.2.0.1;TOX;ENSG00000198846;O94900
4.1.3.0.4;LEF1;ENSG00000138795;Q9UJU2
4.1.3.0.6;TAF1L;;
4.1.3.0.5;TAF1;ENSG00000147133;P21675
4.1.3.0.2;TCF7L1;ENSG00000152284;Q9HCS4
4.1.3.0.3;TCF7L2;ENSG00000148737;Q9NQB0
4.1.3.0.1;TCF7;ENSG00000081059;P36402
4.1.4.0.2;HMGXB4;ENSG00000100281;Q9UGU5
4.1.4.0.1;PBRM1;ENSG00000163939;Q86U86
4.1.5.0.2;SSRP1;ENSG00000149136;Q08945
4.1.5.0.1;WHSC1;ENSG00000109685;O96028
4.1.6.1.1;UBF;ENSG00000108312;P17480
4.1.6.2.2;UBTFL6;;P0CB48
4.1.6.2.1;UBTLF1;ENSG00000255009;P0CB47
4.1.7.0.1;TFAM;ENSG00000108064;Q00059
4.2.1.0.1;NFYA;ENSG00000001167;P23511
4.2.1.0.2;NFYB;ENSG00000120837;P25208
4.2.1.0.3;NFYC;ENSG00000066136;Q13952
5.1.1.1.1;MEF2A;ENSG00000068305;Q02078
5.1.1.1.2;MEF2B;ENSG00000213999;Q02080
5.1.1.1.3;MEF2C;ENSG00000081189;Q06413
5.1.1.1.4;MEF2D;ENSG00000116604;Q14814
5.1.2.0.1;SRF;ENSG00000112658;P11831
5.3.1.0.1;AIRE;ENSG00000160224;O43918
5.3.2.0.1;DEAF1;ENSG00000177030;O75398
5.3.3.1.1;GMEB1;ENSG00000162419;Q9Y692
5.3.3.1.2;GMEB2;ENSG00000101216;Q9UKD1
5.3.4.0.1;Sp110;ENSG00000135899;Q9HB58
5.3.5.1.2;Sp140L;ENSG00000185404;Q9H930
5.3.5.1.1;Sp140;ENSG00000079263;Q13342
5.3.5.2.1;Sp100;ENSG00000067066;P23497
6.1.1.1.1;NFKB1;ENSG00000109320;P19838
6.1.1.1.2;NFKB2;ENSG00000077150;Q00653
6.1.1.2.3;cRel;ENSG00000162924;Q04864
6.1.1.2.1;RelA;ENSG00000173039;Q04206
6.1.1.2.2;RelB;ENSG00000104856;Q01201
6.1.2.1.8;BCL3;ENSG00000069399;P20749
6.1.2.1.1;IKBA;ENSG00000100906;P25963
6.1.2.1.2;IKBB;ENSG00000104825;Q15653
6.1.2.1.3;IKBD;ENSG00000167604;Q8NI38
6.1.2.1.4;IKBE;ENSG00000146232;O00221
6.1.2.1.7;IKBL;ENSG00000204498;Q9UBC1
6.1.2.1.6;IKBR;ENSG00000160949;Q96HA7
6.1.2.1.5;IKBZ;ENSG00000144802;Q9BYH8
6.1.2.2.1;RAI;ENSG00000104881;Q8WUF5
6.1.3.0.5;NFAT5;ENSG00000102908;O94916
6.1.3.0.1;NFATc1;ENSG00000131196;O95644
6.1.3.0.2;NFATc2;ENSG00000101096;Q13469
6.1.3.0.3;NFATc3;ENSG00000072736;Q12968
6.1.3.0.4;NFATc4;ENSG00000100968;Q14934
6.1.4.1.2;RBPJL;ENSG00000124232;Q9UBG7
6.1.4.1.1;RBPJ;ENSG00000168214;Q06330
6.1.5.0.1;EBF1;ENSG00000164330;Q9UH73
6.1.5.0.2;EBF2;ENSG00000221818;Q9HAK2
6.1.5.0.3;EBF3;ENSG00000108001;Q9H4W6
6.1.5.0.4;EBF4;ENSG00000088881;Q9BQW3
6.2.1.0.1;STAT1;ENSG00000115415;P42224
6.2.1.0.2;STAT2;ENSG00000170581;P52630
6.2.1.0.3;STAT3;ENSG00000168610;P40763
6.2.1.0.4;STAT4;ENSG00000138378;Q14765
6.2.1.0.5;STAT5A;ENSG00000126561;P42229
6.2.1.0.6;STAT5B;ENSG00000173757;P51692
6.2.1.0.7;STAT6;ENSG00000166888;P42226
6.3.1.0.1;p53;ENSG00000141510;P04637
6.3.1.0.2;p63;ENSG00000073282;Q9H3D4
6.3.1.0.3;p73;ENSG00000078900;O15350
6.4.1.0.2;Runx1;ENSG00000159216;Q01196
6.4.1.0.1;Runx2;ENSG00000124813;Q13950
6.4.1.0.3;Runx3;ENSG00000020633;Q13761
6.5.1.0.1;Brachyury;ENSG00000164458;O15178
6.5.1.0.2;TBX19;ENSG00000143178;O60806
6.5.2.0.1;TBR1;ENSG00000136535;Q16650
6.5.2.0.2;TBR2;ENSG00000163508;O95936
6.5.2.0.3;TBX21;ENSG00000073861;Q9UL17
6.5.3.0.2;TBX10;ENSG00000167800;O75333
6.5.3.0.3;TBX15;ENSG00000092607;Q96SF7
6.5.3.0.4;TBX18;ENSG00000112837;O95935
6.5.3.0.1;TBX1;ENSG00000184058;O43435
6.5.3.0.5;TBX20;ENSG00000164532;Q9UMR3
6.5.3.0.6;TBX22;ENSG00000122145;Q9Y458
6.5.4.0.1;TBX2;ENSG00000121068;Q13207
6.5.4.0.2;TBX3;ENSG00000135111;O15119
6.5.4.0.3;TBX4;ENSG00000121075;P57082
6.5.4.0.4;TBX5;ENSG00000089225;Q99593
6.5.5.0.2;MGA;;
6.5.5.0.1;TBX6;ENSG00000149922;O95947
6.6.1.0.1;MYRF;ENSG00000124920;Q9Y2G1
6.7.1.1.1;GRHL1;ENSG00000134317;Q9NZI5
6.7.1.1.2;GRHL2;ENSG00000083307;Q6ISB3
6.7.1.1.3;GRHL3;ENSG00000158055;Q8TE85
6.7.2.0.2;CP2L1;ENSG00000115112;Q9NZI6
6.7.2.0.1;CP2;ENSG00000135457;Q12800
6.7.2.0.3;UBP1;ENSG00000153560;Q9NZI7
7.1.1.1.1;SMAD1;ENSG00000170365;Q15797
7.1.1.1.2;SMAD2;ENSG00000175387;Q15796
7.1.1.1.3;SMAD3;ENSG00000166949;P84022
7.1.1.1.4;SMAD5;ENSG00000113658;Q99717
7.1.1.1.5;SMAD9;ENSG00000120693;O15198
7.1.1.2.1;SMAD4;ENSG00000141646;Q13485
7.1.1.3.1;SMAD6;ENSG00000137834;O43541
7.1.1.3.2;SMAD7;ENSG00000101665;O15105
7.1.2.0.1;NF1A;ENSG00000162599;Q12857
7.1.2.0.2;NF1B;ENSG00000147862;O00712
7.1.2.0.3;NF1C;ENSG00000141905;P08651
7.1.2.0.4;NF1X;ENSG00000008441;Q14938
7.2.1.0.1;GCM1;ENSG00000137270;Q9NP62
7.2.1.0.2;GCM2;ENSG00000124827;O75603
8.1.1.0.2;TBPL1;ENSG00000028839;P62380
8.1.1.0.3;TBPL2;ENSG00000182521;Q6SJ96
8.1.1.0.1;TBP;ENSG00000112592;P20226
8.2.1.0.1;HMGA1;ENSG00000137309;P17096
8.2.1.0.2;HMGA2;ENSG00000149948;P52926
9.1.1.1.1;DbpA;ENSG00000060138;P16989
9.1.1.2.1;YB1;ENSG00000065978;P67809
9.1.1.3.1;YBX2;ENSG00000006047;Q9Y2T7
